Hubs,Auth
3215,115407
3215,48461
3215,45752
3215,42925
3215,78399
3215,14633
3215,67655
3215,109590
3215,46
3215,98060
3215,7267
3215,32410
3215,47597
3215,11953
3215,131695
3215,30079
3215,82232
3215,37994
3215,114980
3215,102986
3215,69660
3215,49222
3215,49211
3215,36264
3215,108462
3215,121868
3215,132205
3215,44046
3215,52703
3215,87196
3215,137429
3215,81477
3215,104444
3215,102833
3215,8798
3215,85995
3215,12804
3215,125444
3215,13446
3215,83360
3215,13595
3215,47128
3215,112673
3215,33909
3215,124417
3215,67478
3215,46671
3215,115019
3215,12936
3215,22720
3215,94998
3215,75055
3215,35468
3215,136995
3215,17384
3215,17787
3215,147452
3215,153026
3215,120606
3215,34155
3215,162211
3215,70075
3215,142966
3215,40604
3215,74560
3215,112504
3215,45962
3215,74795
3215,102181
3215,50087
3215,10127
3215,109122
3215,154971
3215,26381
3215,113218
3215,132159
3215,125202
3215,17466
3215,63698
3215,77381
3215,12654
3215,17082
3215,15176
3215,7202
3215,105200
3215,140204
3215,148509
3215,74769
3215,134246
3215,79884
3215,6927
3215,149215
3215,26117
3215,96723
3215,11022
3215,162047
3215,146233
3215,49005
3215,128676
3215,84063
3215,38461
3215,98892
3215,52517
3215,65594
3215,17993
3215,61265
3215,154417
3215,16094
3215,135247
3215,148302
3215,14649
3215,14876
3215,156651
3215,35897
3215,42609
3215,144269
3215,44292
3215,59281
3215,83385
3215,26377
3215,121422
3215,130902
3215,120442
3215,61900
3215,68437
3215,128102
3215,75038
3215,143940
3215,41424
3215,18554
3215,59478
3215,36231
3215,78354
3215,71519
3215,165072
3215,17933
3215,84777
3215,161069
3215,12689
3215,91567
3215,17706
3215,89085
3215,26195
3215,74810
3215,30129
3215,64871
3215,92503
3215,19903
3215,44890
3215,63366
3215,89201
3215,61145
3215,32702
3215,125731
3215,105075
3215,104815
3215,1521
3215,10848
3215,138610
3215,160586
3215,29391
3215,34237
3215,52889
3215,152593
3215,154031
3215,69862
3215,152618
3215,79748
3215,92475
3215,63668
3215,113074
3215,140464
3215,111377
3215,22099
3215,44451
3215,86272
3215,87326
3215,75101
3215,34823
3215,11555
3215,25355
3215,84690
3215,15902
3215,97782
3215,26440
3215,18418
3215,144545
3215,154742
3215,11793
3215,64959
3215,141335
3215,154099
3215,22969
3215,111343
3215,138595
3215,44650
3215,29850
3215,90551
3215,72312
3215,26360
3215,69214
3215,149590
3215,19389
3215,20182
3215,35864
3215,45259
3215,145827
3215,16418
3215,40463
3215,34160
3215,56027
3215,124088
3215,136839
3215,46616
3215,46588
3215,20094
3215,55917
3215,55616
3215,113035
3215,59685
3215,74421
3215,90713
3215,22929
3215,49879
3215,21544
3215,103996
3215,91790
3215,11960
3215,166824
3215,89077
3215,144509
3215,149549
3215,128310
3215,155786
3215,71612
3215,31323
3215,54993
3215,50940
3215,30568
3215,80554
3215,68192
3215,94574
3215,115446
3215,148770
3215,24635
3215,152980
3215,82088
3215,147162
3215,80850
3215,43907
3215,131644
3215,105609
3215,112826
3215,153408
3215,122735
3215,158539
3215,107510
3215,25477
3215,16053
3215,56015
3215,27159
3215,149079
3215,40098
3215,44181
3215,72294
3215,92520
3215,123570
3215,156345
3215,159833
3215,16924
3215,103062
3215,70672
3215,25794
3215,164900
3215,134025
3215,90922
3215,53031
3215,126080
3215,157935
3215,2160
3215,99718
3215,86849
3215,121630
3215,122133
3215,97653
3215,135000
3215,56957
3215,85877
3215,133019
3215,82035
3215,25380
3215,48608
3215,59177
3215,95342
3215,28827
3215,48218
3215,68431
3215,79179
3215,72368
3215,36348
3215,2887
3215,34625
3215,108820
3215,33137
3215,113662
3215,115262
3215,26095
3215,143542
3215,74080
3215,23868
3215,144099
3215,134273
3215,112131
3215,86266
3215,135348
3215,148303
3215,12940
3215,144829
3215,137899
3215,54492
3215,36065
3215,79195
3215,29217
3215,108424
3215,75801
3215,105260
3215,20431
3215,61124
3215,60393
3215,98586
3215,124214
3215,140118
3215,56855
3215,32466
3215,65240
3215,123196
3215,94508
3215,152180
3215,113720
3215,111837
3215,59810
3215,146565
3215,158109
3215,115771
3215,90076
3215,157298
3215,61012
3215,9033
3215,17469
3215,55488
3215,16974
3215,2367
3215,55972
3215,39145
3215,152617
3215,28475
3215,113
3215,74670
3215,128101
3215,156435
3215,75229
3215,100955
3215,134139
3215,13199
3215,135880
3215,130085
3215,16385
3215,154915
3215,165311
3215,886
3215,112296
3215,150592
3215,103868
3215,114826
3215,166593
3215,113157
3215,27025
3215,123599
3215,57407
3215,47792
3215,82597
3215,149947
3215,116601
3215,73083
3215,112716
3215,97084
3215,162035
3215,86494
3215,21157
3215,86295
3215,2104
3215,55524
3215,134436
3215,161360
3215,73162
3215,100542
3215,73498
3215,63152
3215,123100
3215,89249
3215,105067
3215,145457
3215,160946
3215,73571
3215,28408
3215,43294
3215,156593
3215,153643
3215,13182
3215,84564
3215,153302
3215,138040
3215,121821
3215,137399
3215,8671
3215,143675
3215,158135
3215,43663
3215,33237
3215,104933
3215,15858
3215,8967
3215,152955
3215,92179
3215,98523
3215,45166
3215,18641
3215,29460
3215,13272
3215,17169
3215,43765
3215,84106
3215,32305
3215,84440
3215,82784
3215,77876
3215,17327
3215,151597
3215,33490
3215,69141
3215,96440
3215,67741
3215,39845
3215,72892
3215,98619
3215,7158
3215,153604
3215,157277
3215,167367
3215,37737
3215,158919
3215,115044
3215,113821
3215,15323
3215,88854
3215,47245
3215,149801
3215,14002
3215,143684
3215,27658
3215,158227
3215,50962
3215,121926
3215,92236
3215,68011
3215,161270
3215,100846
3215,167404
3215,144057
3215,88313
3215,98429
3215,132774
3215,82892
3215,160467
3215,3501
3215,78325
3215,84035
3215,49548
3215,86058
3215,30966
3215,54110
3215,148665
3215,71228
3215,70383
3215,75903
3215,66945
3215,20450
3215,51898
3215,112688
3215,35079
3215,162877
3215,5723
3215,60879
3215,88502
3215,162287
3215,84888
3215,17504
3215,34126
3215,109646
3215,160734
3215,135393
3392,80986
3392,15070
3392,60422
3392,134305
3392,152931
3392,104584
3392,127578
3392,71555
3392,1443
3392,135163
3392,21278
3392,46083
3392,81033
3392,67862
3392,82606
3392,141810
3392,96223
3392,27416
3392,13233
3392,103017
3392,8471
3392,33546
3392,92550
3392,44747
3392,17817
3392,148623
3392,116834
3392,43033
3392,137373
3392,10748
3392,28499
3392,69811
3392,71323
3392,104220
3392,20880
3392,2999
3392,29297
3392,60834
3392,6709
3392,18365
3392,15522
3392,136609
3392,47968
3392,627
3392,139593
3392,142364
3392,132858
3392,45310
3392,7109
3392,86685
3392,15460
3392,79766
3392,30015
3392,73549
3392,59214
3392,143619
3392,625
3392,21213
3392,72669
3392,12501
3392,132675
3392,127210
3392,130176
3392,14645
3392,42711
3392,139613
3392,167520
3392,31853
3392,129116
3392,156075
3392,72975
3392,59564
3392,97024
3392,130729
3392,78365
3392,157362
3392,146740
3392,111875
3392,84037
3392,98321
3392,126924
3392,103403
3392,2340
3392,85794
3392,41849
3392,20736
3392,92436
3392,121557
3392,120270
3392,79979
3392,64791
3392,21546
3392,53386
3392,40402
3392,136606
3392,97077
3392,109627
3392,59562
3392,122864
3392,83966
3392,67762
3392,923
3392,36967
3392,104908
3392,45518
3392,104009
3392,78325
3392,78313
3392,153473
3392,64889
3392,98675
3392,106605
3392,45130
3392,14744
3392,159990
3392,60566
3392,61127
3392,146004
3392,146116
3392,120892
3392,150281
3392,89971
3392,126479
3392,4435
3392,73213
3392,52722
3392,82861
3392,30720
3392,82692
3392,41777
3392,158341
3392,83496
3392,48489
3392,163246
3392,89602
3392,7213
3392,87132
3392,66153
3392,56876
3392,129310
3392,99496
3392,131142
3392,107903
3392,112240
3392,82198
3392,129609
3392,55165
3392,111842
3392,13222
3392,29237
3392,50377
3392,166654
3392,166206
3392,37652
3392,118148
3392,161978
3392,13267
3392,164118
3392,58407
3392,90802
3392,155999
3392,41092
3392,93353
3392,143051
3392,103246
3392,136268
3392,123865
3392,115200
3392,97970
3392,54019
3392,59269
3392,94380
3392,55753
3392,85168
3392,128988
3392,104261
3392,64203
3392,21180
3392,157911
3392,15378
3392,106429
3392,94111
3392,46766
3392,129493
3392,131746
3392,160566
3392,87095
3392,80596
3392,66075
3392,113481
3392,30123
3392,162374
3392,94735
3392,124613
3392,144000
3392,39156
3392,132349
3392,102893
3392,110302
3392,153339
3392,93318
3392,56255
3392,165179
3392,52597
3392,75077
3392,67343
3392,29936
3392,17273
3392,158996
3392,158657
3392,137276
3392,136397
3261,20423
3261,27540
3261,105041
3261,69890
3261,111738
3261,87762
3261,32201
3261,138932
3261,25772
3261,70754
3261,53148
3261,90894
3261,147987
3261,64894
3261,86174
3261,45366
3261,154704
3261,167798
3261,95679
3261,139969
3261,61631
3261,11861
3261,62133
3261,90769
3261,37579
3261,21665
3261,158071
3261,44126
3261,24980
3261,132063
3261,127591
3261,97887
3261,115623
3261,41854
3261,130445
3261,132475
3261,5032
3261,81574
3261,9278
3261,116454
3261,25651
3261,101482
3261,115840
3261,60210
3261,95285
3261,112786
3261,4145
3261,33008
3261,49193
3261,120169
3261,44717
3261,23191
3261,79359
3261,76849
3261,19075
3261,145962
3261,108819
3261,8220
3261,67387
3261,56976
3261,11686
3261,121681
3261,141290
3261,12960
3261,3067
3261,148570
3261,140637
3261,53081
3261,1396
3261,90337
3261,116830
3261,101877
3261,12546
3261,162223
3261,161631
3261,17604
3261,139154
3261,61716
3261,107021
3261,154583
3261,106088
3261,120358
3261,22372
3261,128510
3261,50551
3261,75030
3261,142671
3261,6923
3261,103714
3261,75413
3261,48544
3261,167186
3261,148196
3261,97314
3261,22920
3261,6063
3261,38699
3261,32907
3261,9942
3261,109923
3261,100910
3261,123176
3261,44045
3261,23134
3261,101982
3261,19814
3261,29239
3261,28723
3261,63937
3261,154473
3261,136525
3261,40716
3261,72979
3261,27033
3261,159836
3261,15199
3261,47223
3261,148729
3261,24782
3261,107024
3261,75906
3261,57137
3261,33221
3261,138343
3261,90371
3261,114089
3261,85314
3261,5399
3261,85341
3261,156775
3261,39828
3261,117188
3261,119266
3261,80546
3261,11048
3261,142389
3261,91614
3261,75045
3261,81585
3261,38013
3261,62989
3261,101774
3261,47000
3261,93677
3261,30905
3261,122189
3261,117343
3261,64525
3261,101447
3261,166038
3261,26536
3261,88019
3261,99012
3261,62003
3261,48269
3261,52032
3261,3439
3261,136396
3261,134489
3261,117816
3261,57491
3261,139315
3261,88869
3261,58872
3261,80864
3261,136643
3261,8653
3261,104379
3261,10430
3261,132841
3261,156083
3261,133748
3261,145707
3261,7340
3261,78782
3261,4558
3261,138816
3261,112042
3261,72481
3261,90439
3261,131790
3261,101384
3261,59103
3261,40756
3261,14145
3261,134036
3261,101072
3261,143737
3261,149087
3261,448
3261,145782
3261,133169
3261,47096
3261,96676
3261,72652
3261,30353
3261,7479
3261,124719
3261,112804
3261,98293
3261,98610
3261,95490
3261,96382
3261,107760
3261,131729
3261,104126
3261,12603
3261,136028
3261,69027
3261,140126
3261,145391
3261,133301
3261,76409
3261,41860
3261,74853
3261,158788
3261,76367
3261,87161
3261,160915
3261,123031
3261,155701
3261,64267
3261,160110
3261,38436
3261,61599
3261,128562
3261,30379
3261,73046
3261,137700
3261,52704
3261,2798
3261,159275
3261,157057
3261,55291
3261,141307
3261,81779
3261,30909
3261,61060
3261,110652
3261,165056
3261,90376
3261,134324
3261,73393
3261,68258
3261,106275
3261,48842
3261,140349
3261,106290
3261,33468
3261,7350
3261,130289
3261,17377
3261,130219
3261,38666
3261,53983
3261,38817
3261,141329
3261,101849
3261,77953
3261,72017
3261,87607
3261,21547
3261,92346
3261,69293
3261,33353
3261,129901
3261,116779
3261,99283
3261,140000
3261,129471
3261,35028
3261,36178
3261,1415
3261,111149
3261,84750
3261,26443
3261,33292
3261,30355
3261,110627
3261,40950
3261,48065
3261,142534
3261,80299
3261,58914
3261,77456
3261,21026
3261,114682
3261,151819
3261,111752
3261,139625
3261,109506
3261,7990
3261,14077
3261,135760
3261,121268
3261,7717
3261,99581
3261,48194
3261,73151
3261,119027
3261,153816
3261,141431
3261,26351
3261,35674
3261,46119
3261,141899
3261,154551
3261,142867
3261,11352
3261,94573
3261,108759
3261,12587
3261,103313
3261,56039
3261,65159
3261,46176
3261,70418
3261,120779
3261,55835
3261,29032
3261,93439
3261,108154
3261,88466
3261,75996
3261,55201
3261,43814
3261,89173
3261,49395
3261,69433
3261,108357
3261,73392
3261,67948
3261,41141
3261,103124
3261,1592
3261,67181
3261,102753
3261,149341
3261,112296
3261,54283
3261,119646
3261,77004
3261,94692
3261,45152
3261,108236
3261,148618
3261,128187
3261,85855
3261,101453
3261,121264
3261,159674
3261,57153
3261,114003
3261,141217
3261,77408
3261,66351
3261,129595
3261,73297
3261,80828
3261,37309
3261,24180
3261,68150
3261,125217
3261,17674
3261,47469
3261,78928
3261,134648
3261,135146
3261,11846
3261,69488
3261,148619
3261,107047
3261,154142
3261,150717
3261,148221
3261,81858
3261,65148
3261,74772
3261,159954
3261,32135
3261,156910
3261,41309
3261,92671
3261,52661
3261,8725
3261,144023
3261,117074
3261,91381
3261,77890
3261,39816
3261,21782
3261,102434
3261,9645
3261,132027
3261,26197
3261,87247
1258,7391
1258,57148
1258,154734
1258,118929
1258,47651
1258,67862
1258,62344
1258,34522
1258,75105
1258,37082
1258,20456
1258,61879
1258,3618
1258,75374
1258,58251
1258,143016
1258,17911
1258,99766
1258,75191
1258,122937
1258,61218
1258,119428
1258,20743
1258,123697
1258,47571
1258,153587
1258,30601
1258,9961
1258,26158
1258,151593
1258,164126
1258,163661
1258,127388
1258,113856
1258,17688
1258,52436
1258,157463
1258,59808
1258,162348
1258,122242
1258,37167
1258,89551
1258,164986
1258,14436
1258,94234
1258,58434
1258,98940
1258,36420
1258,35428
1258,70574
1258,83214
1258,39190
1258,141622
1258,132349
1258,78983
1258,158385
1258,26802
1258,45310
1258,149310
1258,42605
1258,72944
1258,167843
1258,149957
1258,138436
1258,98615
1258,109411
1258,3711
1258,100328
1258,26115
1258,27049
1258,139611
1258,65954
1258,103476
1258,21913
1258,16735
1258,184
1258,94108
1258,53547
1258,16367
1258,125109
1258,148878
1258,16355
1258,40511
1258,100268
1258,115026
1258,124300
1258,52294
1258,61969
1258,107872
1258,99499
1258,149078
1258,119268
1258,6109
1258,123216
1258,142442
1258,59214
1258,134362
1258,139793
1258,149863
1258,131415
1258,32983
1258,113707
1258,83753
1258,53727
1258,139628
1258,138748
1258,152696
1258,21748
1258,91663
1258,55157
1258,142275
1258,95176
1258,69558
1258,58852
1258,149245
1515,66738
1515,150876
1515,70617
1515,62314
1515,142402
1515,39075
1515,108882
1515,2431
1515,114022
1515,54864
1515,16460
1515,66070
1515,12844
1515,36048
1515,15003
1515,119538
1515,118109
1515,16098
1515,115909
1515,14641
1515,137711
1515,9228
1515,7318
1515,42970
1515,51643
1515,80631
1515,7766
1515,105167
1515,25440
1515,58637
1515,45692
1515,33412
1515,48072
1515,3527
1515,79060
1515,22950
1515,95174
1515,68068
1515,122606
1515,71082
1515,131376
1515,140012
1515,131017
1515,22367
1515,117222
1515,71880
1515,110790
1515,57729
1515,140327
1515,76761
1515,19892
1515,99842
1515,106198
1515,142885
1515,117932
1515,25182
1515,91155
1515,26781
1515,91114
1515,60483
1515,1872
1515,79913
1515,150007
1515,59181
1515,117521
1515,88436
1515,126088
1515,142938
1515,11983
1515,139136
1515,99665
1515,53077
1515,31678
1515,122950
1515,65092
1515,79543
1515,39077
1515,96005
1515,27270
1515,96060
1515,159745
1515,52707
1515,27037
1515,46801
1515,91131
1515,101783
1515,61492
1515,68635
1515,58126
1515,113391
1515,18951
1515,161498
1515,37406
1515,105878
1515,79446
1515,73892
1515,131192
1515,88423
1515,26123
1515,159628
1515,143144
1515,142911
1515,109969
1515,46414
1515,56193
1515,87894
1515,93340
1515,126140
1515,32418
1515,54368
1515,15971
1515,52745
1515,145357
1515,142912
1515,134811
1515,48404
1515,11745
1515,29979
1515,130982
1515,161370
1515,74886
1515,157450
1515,24553
1515,85206
1515,79835
1515,18102
1515,143811
1515,32322
1515,89028
1515,65702
1515,23111
1515,65719
1515,38778
1515,31367
1515,164635
1515,31121
1515,145619
1515,101888
1515,108995
1515,5487
1515,129524
1515,59280
1515,36262
1515,121267
1515,102136
1515,58684
1515,10608
1515,46538
1515,67774
1515,156957
1515,132835
1515,123816
1515,40066
1515,118446
1515,90789
1515,38790
1515,113749
1515,44066
1515,57510
1515,89854
1515,20535
1515,203
1515,764
1515,11091
1515,84084
1515,65731
1515,63238
1515,165103
1515,110081
1515,22149
1515,75427
1515,140500
1515,32471
1515,40100
1515,32850
1515,75179
1515,108718
1515,21206
1515,69106
1515,94578
1515,32961
1515,33635
1515,160236
1515,96140
1515,101177
1515,16085
1515,69007
1515,28862
1515,6785
1515,1744
1515,70509
1515,79684
1515,69549
1515,56157
1515,25285
1515,79161
1515,120684
1515,89749
1515,141571
1515,8481
1515,54244
1515,128608
1515,70977
1515,146163
1515,109771
1515,38137
1515,25383
1515,141047
1515,101351
1515,104862
1515,65189
1515,154469
1515,77651
1515,130927
1515,61417
1515,73129
1515,167233
1515,58197
1515,36076
1515,121128
1515,157707
1515,69595
1515,88286
1515,98776
1515,103403
1515,81342
1515,111298
1515,27795
1515,106146
1515,21306
1515,37555
1515,92483
1515,117131
1515,59778
1515,14909
1515,45514
1515,78126
1515,78643
1515,54830
1515,76291
1515,114523
1515,1257
1515,14743
1515,28324
1515,1309
1515,48661
1515,98075
1515,64022
1515,36537
1515,83231
1515,53792
1515,11728
1515,167633
1515,42843
1515,119217
1515,119867
1515,15532
1515,46767
1515,46641
1515,64078
1515,7767
1515,7194
1515,122217
1515,47883
1515,113539
1515,32750
1515,23658
1515,19209
1515,97804
1515,39174
1515,84727
1515,46529
1515,126550
1515,20254
1515,80817
1515,104216
1515,96925
1515,146424
1515,120888
1515,27477
1515,78257
1515,109370
1515,160315
1515,48079
1515,73626
1515,163976
1515,50521
1515,81289
1515,36199
1515,166859
1515,101157
1515,3952
1515,1047
1515,89498
1515,103694
1515,96322
1515,55415
1515,59929
1515,145637
1515,70528
1515,76017
1515,39881
1515,144396
1515,160449
1515,160620
1515,68501
1515,133553
1515,130822
1515,100024
1515,29767
1515,97972
1515,69676
1515,132629
1515,24635
1515,140874
1515,68629
1515,31725
1515,4358
1515,40955
1515,153148
1515,47772
1515,149792
1515,87432
1515,69887
1515,137869
1515,101337
1515,127190
1515,36202
1515,163533
1515,26261
1515,93623
1515,22476
1515,160332
1515,66934
1515,27689
1515,70797
1515,139362
1515,14129
1515,27369
1515,107619
1515,94328
1515,120793
1515,147517
1515,61399
1515,148318
1515,76703
1515,20771
1515,61502
1515,35924
1515,50649
1515,2010
1515,21308
1515,11428
1515,112517
1515,103651
1515,51573
1515,149694
1515,59768
1515,116459
1515,124876
1515,26240
1515,145091
1515,52704
1515,1
1515,82776
1515,68043
1515,74589
1515,137812
1515,120969
1515,39276
1515,163360
1515,25819
1515,25757
1515,86128
1515,166086
1515,88055
1515,75149
1515,140745
1515,94538
1515,100853
1515,38491
1515,110560
1515,87528
1515,158265
1515,148643
1515,25511
1515,73855
1515,163903
1515,164148
1515,166757
1515,9612
1515,166689
1515,33624
1515,145966
1515,105889
1515,72387
1515,62862
1515,145655
1515,65496
1515,121408
1515,130385
1515,155318
1515,116638
1515,105550
1515,21663
1515,126986
1515,9060
1515,153903
1515,59419
1515,31298
1515,126516
1515,14188
1515,63373
1515,42121
1515,122449
1515,42145
1515,32401
1515,38226
1515,32413
1515,34042
1515,153761
1515,60779
1515,42880
1515,27650
1515,92457
1515,105586
1515,120939
1515,146239
1515,145035
1515,62360
1515,7596
1515,107911
1515,4589
1515,8132
1515,72503
1515,130057
1515,133931
1515,11556
1515,141388
1515,68672
1515,104263
1515,127257
1515,43369
1515,147545
1515,150179
1515,116745
1515,37060
1515,33230
1515,7661
1515,51741
1515,95104
1515,111836
1515,145022
1515,139297
1515,8668
1515,100671
1515,28639
1515,83723
1515,155510
1515,139764
1515,144759
1515,71566
1515,129544
1515,79397
1515,150903
1515,99761
1515,41885
1515,157433
1515,130732
1515,155621
1515,43511
1515,39980
1515,81896
1515,96516
1515,108604
1515,149341
1515,83813
1515,120556
1515,102669
1515,82364
1515,6278
1515,54118
1515,144083
1515,49788
1515,159441
1515,117252
1515,44879
1515,152119
1515,117844
1515,131627
1515,89255
1515,148948
1515,97987
1515,124145
1515,88086
1515,44380
1515,20782
1515,140156
1515,158757
1515,10525
1515,124154
1515,149798
1515,116316
1515,24575
1515,13754
1515,90121
1515,53179
1515,126959
1515,40869
1515,24287
1515,166548
1515,97970
1515,100565
1515,102213
1515,92254
1515,165730
1515,138429
1515,53290
1515,20450
1515,23672
1515,89611
1515,131233
1515,84860
1515,90394
1515,81443
1515,107195
1515,142701
1515,117749
1515,49096
1515,58455
1515,81778
1515,167809
1515,101196
1515,137175
1515,149929
1515,56318
1515,57218
1515,19856
1515,139300
1515,12943
1515,160527
1515,34685
1515,141478
1515,28669
1515,137671
1515,75712
1515,151088
1515,59309
1515,90004
1515,111500
1515,35650
1515,37012
1515,86903
1515,37764
1515,154838
1515,131727
1515,6251
1515,3946
1515,143277
1515,120171
1515,158110
1515,46224
1515,99245
1515,70023
1515,4468
1515,9508
1515,115101
1515,156650
1515,145987
1515,48543
1515,72390
1515,45225
1515,19992
1515,131284
1515,118061
1515,164556
1515,156660
1515,144413
1515,57453
1515,60281
1515,40
1515,49847
1515,162435
1515,66836
1515,111035
1515,150375
1515,100533
1515,41258
1515,137544
1515,159412
1515,263
1515,132026
1515,163009
1515,8582
1515,106845
1515,13390
1515,86145
1515,76248
1515,64518
1515,162154
1515,12599
1515,47391
1515,32083
1515,112939
1515,132057
1515,111444
1515,32202
1515,115057
1515,54002
1515,99840
1515,7665
1515,39965
1515,69515
1515,23967
1515,58278
1515,23790
1515,131432
14,90141
14,161859
14,153310
14,50834
14,67007
14,98850
14,155107
14,99179
14,47137
14,26559
14,157656
860,143293
860,147855
860,114091
860,2050
860,25607
860,70429
860,150934
860,41433
860,18598
860,149668
860,99179
860,124126
860,26503
860,18200
860,8212
860,94450
860,122124
860,82955
860,12390
860,4318
860,91662
860,15192
860,136865
860,39757
860,90374
860,157280
860,164039
860,22593
860,145602
860,4041
860,161203
860,115341
860,129302
860,33258
641,133006
641,23286
641,103006
641,31357
641,163052
641,2760
641,97244
641,61359
641,18088
641,69113
641,62826
641,11005
641,1527
641,10990
641,156993
641,48235
641,106924
641,53645
641,2050
641,109145
641,28340
641,42573
641,154234
641,125828
641,106015
641,126469
641,81997
641,139697
641,41601
641,90447
641,76370
641,109698
641,14255
641,158549
641,114056
641,131830
641,3034
1189,153629
1189,65130
1189,36808
1189,24649
1189,62936
1189,124091
1189,86012
1189,155605
1189,78926
1189,59487
1189,143718
1189,20717
1189,150905
1189,14633
1189,23532
1189,80468
1189,12812
1189,40641
1189,129869
1189,75095
1189,13743
1189,24184
1189,12781
1189,50238
1189,490
1189,155375
1189,4183
1189,130295
1189,30173
1189,64341
1189,26445
1189,107180
1189,62494
1189,38272
1189,112227
1189,153990
1189,109907
1189,35460
1189,20601
1189,89157
1189,29746
1189,56283
1189,98772
1189,51721
1189,84069
1189,87149
1189,103412
1189,157425
1189,1459
1189,76875
1189,27031
1189,104027
1189,110460
1189,96425
1189,112034
1189,69769
1189,110254
1189,141340
1189,163249
1189,65751
1189,24059
1189,46280
1189,89781
1189,87196
1189,30684
1189,33540
1189,8908
1189,152543
1189,85936
1189,111021
1189,72854
1189,130971
1189,158659
1189,49756
1189,122284
1189,20564
1189,66022
1189,83732
1189,129564
1189,55814
1189,65860
1189,86921
1189,55181
1189,54530
1189,75621
1189,149221
1189,87312
1189,90904
1189,150312
1189,141551
1189,69317
1189,162987
1189,498
1189,119525
1189,31330
1189,113508
1189,55460
1189,95794
1189,60410
1189,138149
1189,96864
1189,30851
1189,60017
1189,154962
1189,1313
1189,96984
1189,99329
1189,123387
1189,38
1189,37663
1189,95433
1189,47784
1189,78416
1189,27262
1189,113280
1189,2079
1189,9023
1189,34750
1189,115746
1189,106082
1189,63200
1189,120637
1189,4768
1189,114862
1189,64906
1189,46391
1189,74653
1189,125383
1189,71378
1189,42503
1189,32679
1189,47949
1189,7513
1189,27340
1189,70480
1189,95039
1189,20770
1189,141888
1189,77925
1189,97053
1189,117468
1189,33921
1189,65996
1189,83618
1189,13489
1189,139169
1189,40125
1189,63096
1189,128817
1189,29343
1189,27157
1189,63898
1189,819
1189,66991
1189,55124
1189,43991
1189,105605
1189,1747
1189,87086
1189,80932
1189,29307
1189,48853
1189,118586
1189,6514
1189,42712
1189,71285
1189,31660
1189,90902
1189,137560
1189,77306
1189,4709
1189,71466
1189,149532
1189,20762
1189,150016
1189,18933
1189,39319
1189,142411
1189,60749
1189,64933
1189,46645
1189,5004
1189,15255
1189,149367
1189,6818
1189,669
1189,60069
1189,62055
1189,109761
1189,150295
1189,27898
1189,20258
1189,44200
1189,108244
1189,30853
1189,61966
1189,36916
1189,1710
1189,33358
1189,103126
1189,29826
1189,7575
1189,38379
1189,38396
1189,54388
1189,131389
1189,97756
1189,85712
1189,8392
1189,19170
1189,28244
1189,14202
1189,49353
1189,24607
1189,46326
1189,140204
1189,167962
1189,54087
1189,34492
1189,158450
1189,28577
1189,158010
1189,32835
1189,95857
1189,39285
1189,120890
1189,25077
1189,97219
1189,112489
1189,159757
1189,161642
1189,18563
1189,136177
1189,26933
1189,138322
1189,14035
1189,6604
1189,121333
1189,117438
1189,3316
1189,14617
1189,56931
1189,53165
1189,29726
1189,23494
1189,19850
1189,142210
1189,146993
1189,43385
1189,44254
1189,63736
1189,161874
1189,120404
1189,163508
1189,165354
1189,120358
1189,97788
1189,138825
1189,64235
1189,65626
1189,41696
1189,82544
1189,83504
1189,11440
1189,52680
1189,133038
1189,42159
1189,8883
1189,56140
1189,53790
1189,13813
1189,102019
1189,8909
1189,55842
1189,77110
1189,103288
1189,166512
1189,126363
1189,130417
1189,22565
1189,133283
1189,87078
1189,30255
1189,155693
1189,98223
1189,28418
1189,81495
1189,146559
1189,158018
1189,2823
1189,24558
1189,96853
1189,27919
1189,21414
1189,76290
1189,37361
1189,158751
1189,74169
1189,46756
1189,34536
1189,125648
1189,67591
1189,66658
1189,4095
1189,142975
1189,149885
1189,86534
1189,36531
1189,119860
1189,76448
1189,103485
1189,77919
1189,90320
1189,6350
1189,117851
1189,52262
1189,64836
1189,83341
1189,50045
1189,125542
1189,148700
1189,113954
1189,30129
1189,83226
1189,159709
1189,57801
1189,85173
1189,101990
1189,77595
1189,154752
1189,137962
1189,107496
1189,136362
1189,63482
1189,105075
1189,38895
1189,70710
1189,106658
1189,34715
1189,1657
1189,159290
1189,2116
1189,5721
1189,12401
1189,89854
1189,147230
1189,71186
1189,116848
1189,95662
1189,16316
1189,38633
1189,146716
1189,95264
1189,39523
1189,90925
1189,137180
1189,78745
1189,161410
1189,13149
1189,24614
1189,34493
1189,64124
1189,107604
1189,94738
1189,124871
1189,159679
1189,152392
1189,57066
1189,28983
1189,120545
1189,45273
1189,71860
1189,160614
1189,1962
1189,3377
1189,112095
1189,112570
1189,108271
1189,153638
1189,32850
1189,28309
1189,41423
1189,47474
1189,39735
1189,54167
1189,72961
1189,10776
1189,33488
1189,75084
1189,2470
1189,34995
1189,81316
1189,108718
1189,152862
1189,27654
1189,39221
1189,124384
1189,51284
1189,111848
1189,58803
1189,152797
1189,96885
1189,91884
1189,14562
1189,90181
1189,51521
1189,9282
1189,133544
1189,24669
1189,105414
1189,164363
1189,43818
1189,59747
1189,140567
1189,126909
1189,160334
1189,35890
1189,22091
1189,88911
1189,102880
1189,44451
1189,61545
1189,135053
1189,31770
1189,3259
1189,112671
1189,76099
1189,66665
1189,128619
1189,53055
1189,134643
1189,142864
1189,96836
1189,32229
1189,84690
1189,28549
1189,132534
1189,23577
1189,57059
1189,144515
1189,33808
1189,160511
1189,75559
1189,136136
1189,44617
1189,150989
1189,98033
1189,25517
1189,97473
1189,143305
1189,2773
1189,33541
1189,24315
1189,117878
1189,99793
1189,131296
1189,132119
1189,24111
1189,115389
1189,44156
1189,22556
1189,41101
1189,9838
1189,101621
1189,111855
1189,110528
1189,157325
1189,29315
1189,162613
1189,141265
1189,47769
1189,128433
1189,81342
1189,101094
1189,9950
1189,94115
1189,7142
1189,130318
1189,88188
1189,41013
1189,40630
1189,81374
1189,96270
1189,34845
1189,113928
1189,49485
1189,12043
1189,42219
1189,44054
1189,78126
1189,74435
1189,136527
1189,41737
1189,167038
1189,131338
1189,44129
1189,6703
1189,63293
1189,79089
1189,42243
1189,3953
1189,96351
1189,92500
1189,19628
1189,142994
1189,57240
1189,37984
1189,116312
1189,80477
1189,3789
1189,33379
1189,42843
1189,128633
1189,11836
1189,164719
1189,19022
1189,37405
1189,16780
1189,161476
1189,72171
1189,20003
1189,12006
1189,5614
1189,122244
1189,41837
1189,62928
1189,2256
1189,3125
1189,60499
1189,74952
1189,122870
1189,83764
1189,42516
1189,135847
1189,84888
1189,88580
1189,27592
1189,12973
1189,106359
1189,64066
1189,160460
1189,77862
1189,126900
1189,69586
1189,167447
1189,92966
1189,162426
1189,148515
1189,135726
1189,63224
1189,135139
1189,8585
1189,48224
1189,94853
1189,96371
1189,131937
1189,100562
1189,147899
1189,31499
1189,53538
1189,115340
1189,124219
1189,56824
1189,46380
1189,19367
1189,94472
1189,150208
1189,80850
1189,108487
1189,160477
1189,124568
1189,8881
1189,78847
1189,152140
1189,120454
1189,45419
1189,144801
1189,36557
1189,95973
1189,64950
1189,95504
1189,90216
1189,7706
1189,131888
1189,17861
1189,122776
1189,4389
1189,51003
1189,79653
1189,56533
1189,150350
1189,26028
1189,38794
1189,13089
1189,28000
1189,103103
1189,20839
1189,127671
1189,111193
1189,156282
1189,147063
1189,34612
1189,108107
1189,2980
1189,42208
1189,138704
1189,91571
1189,135796
1189,64737
1189,54513
1189,19708
1189,158711
1189,5462
1189,37041
1189,142903
1189,147218
1189,133909
1189,7285
1189,115222
1189,60097
1189,127724
1189,106070
1189,124720
1189,86355
1189,156211
1189,69956
1189,118838
1189,100497
1189,155195
1189,132043
1189,123083
1189,15999
1189,167923
1189,63640
1189,142162
1189,167800
1189,123267
1189,153257
1189,15712
1189,13542
1189,97203
1189,47175
1189,129922
1189,52280
1189,128326
1189,20905
1189,20959
1189,156947
1189,15383
1189,6481
1189,40721
1189,59847
1189,148404
1189,164856
1189,114504
1189,76208
1189,143615
1189,60922
1189,50746
1189,26008
1189,48188
1189,29823
1189,159066
1189,147829
1189,35485
1189,110554
1189,152612
1189,37295
1189,75430
1189,144509
1189,141236
1189,2104
1189,43928
1189,72732
1189,8734
1189,66158
1189,59695
1189,20719
1189,131406
1189,70337
1189,91563
1189,44656
1189,143486
1189,138377
1189,166348
1189,165182
1189,165641
1189,125766
1189,13959
1189,65761
1189,36525
1189,55992
1189,41460
1189,132371
1189,94373
1189,158594
1189,43663
1189,6825
1189,29231
1189,53659
1189,146744
1189,127661
1189,27764
1189,43473
1189,9142
1189,70349
1189,52121
1189,43310
1189,103069
1189,110358
1189,31413
1189,72097
1189,163721
1189,146186
1189,7299
1189,96265
1189,167529
1189,10860
1189,132305
1189,52206
1189,30519
1189,49396
1189,99204
1189,10551
1189,122230
1189,125464
1189,30464
1189,140880
1189,155990
1189,14301
1189,50554
1189,123450
1189,45306
1189,156308
1189,21846
1189,5733
1189,53636
1189,147792
1189,119892
1189,123487
1189,79225
1189,136894
1189,56572
1189,116907
1189,47772
1189,38588
1189,71520
1189,36228
1189,17565
1189,98684
1189,69814
1189,20954
1189,91658
1189,65977
1189,145685
1189,76322
1189,37449
1189,41465
1189,163222
1189,47691
1189,57684
1189,653
1189,108744
1189,23672
1189,139933
1189,154993
1189,147413
1189,26653
1189,71201
1189,44137
1189,114655
1189,36102
1189,135046
1189,45442
1189,71419
1189,161822
1189,45370
1189,3162
1189,16875
1189,124409
1189,113249
1189,55115
1189,140368
1189,63043
1189,101480
1189,11217
1189,14089
1189,23065
1189,100871
1189,125904
1189,47278
1189,127638
1189,117963
1189,114153
1189,45686
1189,73197
1189,145056
1189,45557
1189,19370
1189,143082
1189,162337
1189,62311
1189,96460
1189,162609
1189,86637
1189,91165
1189,136667
1189,59835
1189,5788
1189,65098
1189,100369
1189,54407
1189,102831
1189,140514
1189,39674
1189,29131
1189,144802
1189,48553
1189,17756
1189,142896
1189,140182
1189,50294
1189,63767
1189,21966
1189,61496
1189,138786
1189,109900
1189,156766
1189,29561
1189,5962
1189,3193
1189,96890
1189,96495
1189,100390
1189,158665
1189,83614
1189,145389
1189,13373
1189,127639
1189,29711
1189,50859
1189,57223
1189,149704
1189,155904
1189,107857
1189,106893
1189,118755
1189,6523
1189,133796
1189,74850
1189,84292
1189,68526
1189,14023
1189,133517
1189,8120
1189,105235
1189,153907
1189,7754
1189,42629
1189,91020
1189,17292
1189,24842
1189,96073
1189,66477
1189,8334
1189,37349
1189,101841
1189,89232
1189,108884
1189,16616
1189,85865
1189,134275
1189,5723
1189,80601
1189,123098
1189,167307
1189,142434
1189,48406
1189,149938
1189,63691
1189,48940
1189,55966
1189,20459
1189,153063
1189,127722
1189,160107
1189,118321
1189,26284
1189,116939
1189,135405
1189,2500
1189,101376
1189,110011
1189,44427
1189,19363
1189,18567
1189,164671
1189,145046
1189,106821
1189,143807
1189,107706
1189,67808
1189,21838
1189,11344
1189,71024
1189,26451
1189,149620
1189,18186
1189,30038
1189,146885
1189,152263
1189,118397
1189,160942
1189,143047
1189,58257
1189,55940
1189,34177
1189,60424
1189,91077
1189,134907
1189,126575
1189,48500
1189,146578
1189,105703
1189,78239
1189,41762
1189,12474
1189,99962
1189,131247
1189,116969
1189,140556
1189,2533
1189,101096
1189,106236
1189,156228
1189,31901
1189,35906
1189,54511
1189,156867
1189,98641
1189,58034
1189,76626
1189,61795
1189,29740
1189,130485
1189,5652
1189,64834
1189,27922
1189,48585
1189,14991
1189,155318
1189,140839
1189,167148
1189,79534
1189,31739
1189,148088
1189,155588
1189,19757
1189,69706
1189,47584
1189,143769
1189,68767
1189,107948
1189,8757
1189,137893
1189,105674
1189,50908
1189,108617
1189,82926
1189,78618
1189,80221
1189,45155
1189,48600
1189,52069
1189,154431
1189,48084
1189,151435
1189,131266
1189,82322
1189,92710
1189,396
1189,148149
1189,28170
1189,138372
1189,91060
1189,121485
1189,50980
1189,70185
1189,19547
1189,119630
1189,21978
1189,161694
1189,130960
1189,121386
1189,143124
1189,156105
1189,126564
1189,48799
1189,91215
1189,22718
1189,160297
1189,50837
1189,149548
1189,167248
1189,158486
1189,133510
1189,136021
1189,7953
1189,143054
1189,27007
1189,108211
1189,80161
1189,157900
1189,130160
1189,155497
1189,77905
1189,31817
1189,11166
1189,26191
1189,92835
1189,157845
1189,131896
1189,127813
1189,69386
1189,36697
1189,48338
1189,118766
1189,76453
1189,134899
1189,98344
1189,17337
1189,55530
1189,20265
1189,150618
1189,60651
1189,80532
1189,164533
1189,132243
1189,59203
1189,65091
1189,159342
1189,92276
1189,36533
1189,55141
1189,137191
1189,77004
1189,155352
1189,109193
1189,53654
1189,11110
1189,125808
1189,127535
1189,151708
1189,126863
1189,78876
1189,27927
1189,76744
1189,34216
1189,161191
1189,17115
1189,131607
1189,56241
1189,164795
1189,64264
1189,11171
1189,146491
1189,133468
1189,63441
1189,61823
1189,3161
1189,59603
1189,50546
1189,134480
1189,144432
1189,52661
1189,11446
1189,12164
1189,135338
1189,6524
1189,124163
1189,15211
1189,145186
1189,144026
1189,139250
1189,44981
1189,160649
1189,15364
1189,50851
1189,99323
1189,73732
1189,563
1189,16137
1189,143270
1189,95210
1189,156995
1189,163270
1189,161172
1189,100293
1189,151882
1189,50620
1189,48903
1189,83084
1189,71266
1189,44809
1189,149472
1189,81252
1189,109909
1189,145348
1189,44498
1189,150906
1189,114023
1189,8276
1189,105890
1189,15278
1189,19759
1189,160589
1189,128255
1189,23712
1189,87111
1189,53910
1189,155484
1189,158434
1189,6943
1189,125916
1189,18407
1189,159912
1189,142681
1189,5414
1189,101197
1189,114181
1189,81251
1189,127078
1189,124179
1189,54392
1189,23041
1189,139224
1189,154136
1189,55560
1189,77040
1189,42599
1189,103864
1189,78811
1189,57619
1189,60310
1189,41708
1189,112797
1189,106905
1189,155823
1189,75205
1189,97948
1189,138667
1189,51119
1189,26824
1189,26498
1189,132962
1189,46904
1189,74063
1189,43965
1189,132165
1189,15642
1189,9389
1189,47837
1189,102262
1189,72990
1189,28322
1189,37729
1189,147285
1189,120616
1189,9534
1189,10543
1189,148979
1189,151614
1189,84877
1189,148771
1189,31205
1189,52183
1189,59593
1189,35558
1189,91595
1189,43196
1189,27274
1189,152589
1189,42537
1189,146173
1189,150501
1189,148637
1189,2418
1189,77068
1189,3334
1189,72661
1189,91223
1189,118704
1189,68067
1189,19773
1189,107606
1189,151350
1189,142061
1189,37764
1189,33387
1189,68247
1189,120990
1189,68578
1189,47543
1189,112561
1189,159201
1189,5426
1189,105129
1189,167091
1189,86610
1189,118656
1189,53449
1189,72287
1189,161272
1189,136400
1189,129646
1189,155214
1189,62891
1189,47594
1189,2946
1189,136656
1189,116267
1189,105369
1189,61711
1189,124181
1189,137546
1189,24046
1189,31800
1189,166225
1189,94613
1189,61030
1189,38567
1189,91877
1189,155563
1189,138538
1189,58885
1189,124148
1189,161103
1189,152805
1189,9086
1189,85668
1189,151367
1189,152704
1189,51070
1189,166581
1189,139486
1189,25110
1189,46691
1189,156544
1189,84856
1189,18031
1189,98557
1189,122322
1189,30626
1189,75014
1189,164885
1189,147408
1189,40179
1189,113621
1189,97083
1189,14344
1189,132115
1189,112798
1189,153094
1189,84440
1189,52446
1189,159930
1189,73780
1189,151426
1189,161313
1189,73244
1189,160807
1189,100767
1189,92329
1189,106094
1189,39521
1189,62185
1189,36827
1189,47469
1189,72991
1189,8884
1189,91019
1189,95217
1189,16206
1189,132882
1189,72659
1189,134973
1189,20271
1189,166380
1189,42584
1189,139604
1189,12632
1189,126374
1189,68613
1189,34230
1189,39105
1189,153567
1189,8567
1189,86148
1189,60393
1189,129466
1189,136720
1189,78442
1189,57996
1189,135091
1189,135627
1189,125112
886,21197
886,144497
886,42326
886,122612
886,99460
886,91580
886,28703
886,39310
886,116636
886,104336
886,122649
886,106755
886,21739
886,117896
886,24695
886,29744
886,65806
886,16766
886,91854
886,29449
886,12066
886,62569
886,36881
886,153031
886,619
886,67478
886,34750
886,49025
886,83888
886,150188
886,93331
886,84110
886,37142
886,128817
886,143099
886,115154
886,101832
886,29339
886,53281
886,117010
886,76722
886,40867
886,144174
886,50821
886,102514
886,90872
886,1023
886,126790
886,119468
886,11308
886,74392
886,160679
886,115399
886,146242
886,141554
886,63984
886,76716
886,27292
886,89013
886,111872
886,87078
886,95990
886,106925
886,12114
886,9283
886,48643
886,9859
886,35192
886,103779
886,6684
886,144200
886,95797
886,12609
886,163834
886,166868
886,16147
886,34995
886,71022
886,95227
886,16501
886,2721
886,68060
886,51324
886,59868
886,38315
886,11365
886,52938
886,68063
886,11113
886,104359
886,4983
886,115814
886,119300
886,67918
886,65746
886,122930
886,116472
886,49478
886,47912
886,83077
886,142479
886,115673
886,104750
886,81425
886,93800
886,28095
886,107125
886,75033
886,157488
886,93033
886,19646
886,1346
886,18163
886,66217
886,152043
886,115942
886,48527
886,70852
886,156544
886,105069
886,110325
886,97084
886,56102
886,107661
886,28728
886,114392
886,74047
886,137488
886,132292
886,160215
886,16981
886,113157
886,114655
886,75342
886,162053
886,117270
886,11335
886,162847
886,103380
886,111495
886,31541
886,159479
886,13822
886,148742
886,12916
886,45779
886,70397
886,38236
886,52165
886,10335
886,132557
886,115041
886,67045
886,19813
886,7686
886,39754
886,149416
886,34435
886,60291
886,45975
886,107282
886,145673
886,91339
886,86637
886,108341
886,119192
886,56035
886,42400
886,52429
886,12174
886,147293
886,35926
886,155641
886,165137
886,38120
886,156920
886,120780
886,139840
886,100677
886,27063
886,88837
886,110152
886,32553
886,143275
886,119093
886,69835
886,55292
886,135090
886,115491
886,10501
886,124920
886,20021
886,13889
886,94064
886,106535
886,101646
886,1757
886,155614
886,88885
886,149198
886,78853
886,134198
886,66377
886,13178
886,101364
886,156148
886,55948
886,50436
886,137321
886,156331
886,150221
886,95729
886,109338
886,122277
886,134753
886,7071
886,2500
886,55142
886,162425
886,117682
886,91049
886,91833
886,160297
886,122133
886,148396
886,122464
886,1544
886,126814
886,74362
886,154660
886,78787
886,100294
886,94102
886,143975
886,77990
886,156462
886,39149
886,47428
886,157802
886,87363
886,29789
886,136173
886,90663
886,147619
886,89734
886,61184
1497,40683
1497,74598
1497,51709
1497,129190
1497,33008
1497,61763
1497,48204
1497,94492
1497,15975
1497,12840
1497,149486
1497,116499
1497,139797
1497,105092
1497,49311
1497,139586
1497,141853
1497,65530
1497,53827
1497,113255
1497,134555
1497,154071
1497,53350
1497,130257
1497,53710
1497,150868
1497,6867
1497,126013
1497,128299
1497,137297
1497,8401
1497,113814
1497,109487
1497,21978
1497,36356
1497,75983
1497,21338
1497,6417
1497,21081
1497,1945
1497,28130
1497,90957
1497,79682
3726,50557
3726,41058
3726,49082
3726,97256
3726,114980
3726,140047
3726,84223
3726,125950
3726,33546
3726,146666
3726,74067
3726,62630
3726,63096
3726,67911
3726,72542
3726,152615
3726,108163
3726,77088
3726,141740
3726,71223
3726,133715
3726,104051
3726,45628
3726,99411
3726,58407
3726,16739
3726,62820
3726,6167
3726,120813
3726,148098
3726,162100
3726,41896
3726,73286
3726,103056
3726,113343
3726,67855
3726,120892
3726,19624
3726,51193
3726,157301
3726,26098
3726,125483
3726,87358
3726,130549
3726,126642
3726,120150
3726,96891
3726,63429
3726,53752
3726,116996
3726,52184
3726,10691
3726,97539
3726,31807
3726,106559
3726,91056
3726,1251
3726,144691
3726,28170
3726,15174
3726,85221
3726,122021
3726,8379
3726,54271
3726,114278
3726,78313
3726,156808
3726,138575
3726,85794
3726,129022
3726,75548
3726,60189
3726,104467
3726,98034
3726,138863
3726,139863
3726,138888
3726,30087
3726,33870
3726,112226
3726,35646
3726,116254
3726,8822
83,34418
83,100517
83,23572
83,30347
83,158841
83,35482
83,20409
83,43859
83,6271
83,125829
83,40775
83,35866
83,94044
83,159632
83,162536
83,119398
83,35427
83,135500
83,142795
83,91125
83,115970
83,138922
83,2237
83,156632
83,101703
83,32726
83,72108
83,146228
83,44731
83,39220
83,100863
83,76951
83,54086
83,117034
83,86961
83,63733
83,51751
83,88621
83,111110
83,29201
83,164845
83,95096
83,121659
83,12737
83,140111
83,139910
83,164027
83,87370
83,147356
83,115836
83,99317
83,92940
83,54713
83,86739
83,147258
83,36528
83,28814
83,124434
83,30835
83,43885
83,52316
83,37293
83,128787
83,161096
83,167029
83,23704
83,109691
83,88143
83,25496
83,165484
83,121099
83,15641
83,42235
83,90969
83,1759
83,23450
83,137875
83,22035
83,72822
83,95357
83,39626
83,73771
83,134146
83,116298
83,38369
83,115105
83,99301
83,152197
83,60697
83,74654
83,63998
83,122398
83,144874
83,11890
83,105448
83,58313
83,47260
83,129990
83,130458
83,150481
83,131014
83,38260
83,142588
83,16284
83,116903
83,56284
83,34766
83,71448
83,75286
83,138041
83,45370
83,49015
83,146634
83,157120
83,158600
83,7039
83,141414
83,125021
83,159403
83,70059
83,19757
83,30253
83,33627
83,23528
83,70777
83,135642
83,113968
83,9680
83,151414
83,67654
83,81332
83,167522
83,164950
83,110824
83,1334
83,86570
83,38934
83,30436
83,3499
83,24612
83,26946
83,120947
83,48580
83,9701
83,108168
83,26938
83,17035
83,137805
83,7477
83,103535
83,9049
83,145757
83,24334
83,138491
83,24724
83,20412
83,16519
83,128992
83,91607
83,151811
83,113886
83,41780
83,89993
83,93254
83,162780
83,133855
83,161375
83,141929
83,146821
83,121794
83,22610
83,115812
83,79230
83,111541
83,113431
83,15395
83,99706
83,32259
83,32618
83,113364
83,56986
83,131829
83,132460
83,116604
83,63261
83,166984
83,9457
83,77139
83,164809
83,59509
83,7703
83,158288
83,91868
83,5635
83,78812
83,15790
83,19875
83,129266
83,104797
83,136560
83,52464
83,10907
83,119099
83,138322
83,127697
83,157018
83,148900
83,128358
83,123441
83,112492
83,30821
83,120878
83,113961
83,138853
83,103391
83,9513
83,885
83,50068
83,6398
83,131006
83,56968
83,123753
83,106065
83,82929
83,159496
83,151645
83,109352
83,82659
83,161842
83,72032
83,118322
83,118560
83,25474
83,56146
83,61497
83,24472
83,72888
83,66310
83,79401
83,3275
83,85154
83,108156
83,16401
83,29658
83,63477
83,167538
83,50719
83,130964
83,89490
83,136223
83,123657
83,49831
83,116409
83,84414
83,19332
4085,151859
4085,167901
4085,45544
4085,159875
4085,53120
4085,2624
4085,97312
4085,138491
4085,114864
4085,963
4085,156980
1659,39573
1659,12894
1659,69910
1659,5571
1659,16104
1659,123670
1659,28726
1659,40849
1659,3293
1659,15469
1659,37815
1659,41930
1659,13740
1659,92156
1659,36388
1659,161204
1659,132652
1659,21174
1659,71506
1659,82427
1659,17358
1659,50017
1659,77944
1659,149526
1659,53035
1659,137885
1659,163542
1659,35146
1659,158345
1659,79369
1659,57368
1659,47948
1659,17285
1659,131630
1659,106310
1659,141452
1659,144241
1659,42341
1659,12564
1659,68963
1659,90426
1659,89417
1659,124687
1659,103842
1659,141354
1659,29707
1659,103565
1659,69113
1659,58046
1659,28802
1659,113436
1659,84651
1659,150476
1659,5153
1659,74951
1659,19523
1659,41357
1659,110454
1659,84767
1659,14197
1659,34996
1659,142222
1659,155935
1659,135387
1659,64315
1659,152118
1659,132671
1659,47737
1659,46582
1659,107461
1659,167748
1659,139412
1659,153766
1659,123144
1659,103394
1659,143410
1659,49965
1659,97265
1659,125120
1659,95993
1659,97392
1659,155185
1659,73665
1659,140605
1659,122133
1659,49067
1659,21137
1659,107483
1659,166687
1659,90532
1659,23693
1659,22273
1659,21469
1659,120344
1659,120504
1659,52607
1659,60464
1659,85211
1659,54367
1659,48973
1659,61527
1659,129755
1659,48015
1659,51999
1659,135691
1659,161203
1659,128072
1659,45967
1659,62682
1659,4114
1659,100545
1659,120743
1659,68697
1659,7551
1659,23620
1659,62622
1659,164900
1659,64731
1659,125353
1659,128642
1659,101086
1659,85665
1659,1849
1659,23746
1659,5750
1659,125196
1659,108553
1659,105509
1659,124203
1659,107586
1659,81457
1659,119982
1659,80584
1659,110312
543,61890
543,161966
543,90595
543,11321
543,76412
543,30831
543,152997
543,3691
543,76466
543,8054
543,96135
543,37855
543,18812
543,118442
543,137526
543,140616
543,158516
543,30735
543,84971
543,109238
543,29858
543,107309
543,52959
543,88972
543,32258
543,64806
543,104951
543,23724
543,106359
543,6245
543,74772
543,5235
543,94727
543,115492
543,75033
543,76741
543,64082
543,11052
543,116839
543,129527
543,129970
543,155550
543,16873
543,138620
543,74774
543,131835
543,141643
543,101043
543,101366
543,40018
543,93524
543,115868
543,165874
543,157601
543,140340
543,2782
543,42518
543,118431
543,94258
543,58472
543,119982
543,166687
543,88838
543,46152
543,120997
543,115675
543,167421
543,142527
543,64190
543,43664
543,128800
543,52129
543,37593
543,67067
543,77725
543,115435
543,44568
543,135506
1133,112435
1133,93807
1133,158887
1133,82630
1133,73838
1133,165921
1133,52444
1133,123249
1133,10951
1133,74880
1133,91533
1923,15578
1923,67981
1923,82200
1923,18098
1923,100053
1923,26717
1923,80857
1923,63892
1923,145364
1923,47957
1923,162189
1923,143943
1923,78675
1923,90374
1923,36299
1923,49141
1923,14363
1923,150712
1923,59107
1923,8125
1923,88832
1923,22250
1923,78365
1923,164188
1923,15247
1923,25902
1923,141454
1923,14740
1923,157811
1923,73791
1923,108351
1923,61192
1923,167311
1923,138987
1923,85794
1923,130630
1923,19443
1923,68907
1923,50287
1923,41843
1923,84191
1923,86262
1923,113555
1923,95962
1923,91406
1923,83390
1923,74440
1923,17671
1923,8521
1923,64495
1923,67861
1923,119110
1923,15460
1923,184
1923,146204
1923,116720
1923,28680
1923,49235
1923,114804
1923,4440
1923,74926
1376,52149
1376,7391
1376,23636
1376,62344
1376,117893
1376,55613
1376,127802
1376,29515
1376,134549
1376,76754
1376,23386
1376,104617
1376,62408
1376,110853
1376,103126
1376,82427
1376,119806
1376,15460
1376,80868
1376,63178
1376,115071
1376,117209
1376,18706
1376,148840
1376,135972
1376,94233
1376,118608
1376,39783
1376,151172
1376,104680
1376,111365
1376,142468
1376,94728
1376,14544
1376,73404
1376,1266
1376,45791
1376,17688
1376,79704
1376,159727
1376,35064
1376,128705
1376,51358
1376,105026
1376,29429
1376,137745
1376,67935
1376,104384
1376,92247
1376,137540
1376,17396
1376,121145
1376,147513
1376,30647
1376,148460
1376,100321
1376,164126
1376,108351
1376,53263
1376,149344
1376,37809
1376,92199
1376,76385
1376,139200
1376,155318
1376,160470
1376,112218
1376,108850
1376,160967
1376,47647
1376,38794
1376,122258
1376,72981
1376,127017
1376,24475
1376,33029
1376,43137
1376,78247
1376,26698
1376,125622
1376,152225
1376,60536
1376,81583
1376,149076
1376,90311
1376,59490
1376,41317
1376,79339
1376,162356
1376,121604
1376,90749
1376,59399
1376,92115
1376,107406
1376,98940
1376,91521
1376,148773
1376,44633
1376,3935
1376,101366
1376,55575
1376,22242
1376,84431
1376,48079
1376,76301
1376,113516
1376,62617
1376,94772
1376,142716
1376,7127
1376,106821
1376,124894
1376,90138
1376,13959
1376,142101
1376,119779
1376,113014
1376,36162
1376,149880
1376,34021
1376,12862
1376,165955
1376,117303
1708,141656
1708,17130
1708,51452
1708,40912
1708,88870
1708,40599
1708,121041
1708,141083
1708,73982
1708,112353
1708,80879
1708,22030
1708,81970
1708,107501
1708,133049
1708,6729
1708,9227
1708,29112
1708,1781
1708,99390
1708,141494
1708,8125
1708,3839
1708,126298
1708,83227
1708,48141
1708,73843
1708,7205
1708,114277
1708,107185
1708,67680
1708,121248
1708,164340
1708,163389
1708,10395
1708,7452
1708,136810
1708,94543
1708,122861
1708,126492
1708,26080
1708,57728
1708,22684
1708,52827
1708,158531
1708,44239
1708,48351
1708,126970
1708,115541
1708,104740
1708,130630
1708,55891
1708,67021
1708,69233
1708,107872
1708,45345
1708,50
1708,157788
2238,38133
2238,125399
2238,145081
2238,152393
2238,141733
2238,159708
2238,58351
2238,133417
2238,72975
2238,120760
2238,11348
2238,15268
2238,132788
2238,120042
2238,157904
2238,139642
2238,78786
2238,1581
2238,31090
2238,78788
2238,14243
2238,67510
2238,13203
2238,154675
2238,134056
2238,65361
2238,19987
2238,91299
2238,143133
2238,55488
2238,30097
2238,167368
2238,158432
2238,62301
2238,82507
2099,156340
2099,103661
2099,76162
2099,44960
2099,127354
2099,28689
2099,59466
2099,52672
2099,115552
2099,41693
2099,146996
2099,112516
2099,133417
2099,47488
2099,113193
2099,163873
2099,22322
2099,153683
2099,57821
2099,36482
2099,50070
2099,150351
2099,143039
2099,63185
2099,76553
2099,72072
2099,9705
2099,1559
2099,158647
2099,136160
2099,158775
2099,68064
2099,126774
2099,127043
2099,74291
2099,121184
2099,153389
2099,139331
2099,152393
2099,109603
2099,36586
2099,78191
2099,152095
2099,130529
2099,89540
2099,107722
2099,141344
2099,67243
2099,90587
2099,15460
2099,106605
2099,99960
2099,152193
2099,106609
2099,116720
2099,141749
2099,98447
2099,152316
2099,120978
2566,17048
2566,151447
2566,6717
2566,67027
2566,10130
2566,32572
2566,159288
2566,50238
2566,54715
2566,37785
2566,72161
2566,128233
2566,115606
2566,144617
2566,117666
2566,63416
2566,92729
2566,86377
2566,115865
2566,139261
2566,76441
2566,26996
2566,90595
2566,54725
2566,101855
2566,39329
2566,89704
2566,54428
2566,109873
2566,30453
2566,165794
2566,39529
2566,84042
2566,44957
2566,52304
2566,27876
2566,161177
2566,51434
2566,12468
2566,3547
2566,135389
2566,143841
2566,100323
2566,50285
2566,37462
2566,64653
2566,70976
2566,131235
2566,92941
2566,62114
2566,99720
2566,16743
2566,7108
2566,96254
2566,102181
2566,18120
2566,162394
2566,133157
2566,113488
2566,19061
2566,112211
2566,13804
2566,45383
2566,11250
2566,66608
2566,78214
2566,57682
2566,23234
2566,18951
2566,89722
2566,82355
2566,103135
2566,73221
2566,25188
2566,124077
2566,149380
2566,95508
2566,36687
2566,146758
2566,3199
2566,100661
2566,96572
2566,81698
2566,89350
2566,130045
2566,144018
2566,156651
2566,87025
2566,60658
2566,80432
2566,133686
2566,89231
2566,80811
2566,135893
2566,30082
2566,68901
2566,142511
2566,54518
2566,160523
2566,164068
2566,29766
2566,82725
2566,6373
2566,38778
2566,72969
2566,115770
2566,86958
2566,36231
2566,99323
2566,6750
2566,119586
2566,23039
2566,2716
2566,133336
2566,73748
2566,149397
2566,117630
2566,714
2566,149549
2566,53748
2566,108358
2566,90103
2566,32483
2566,157267
2566,123624
2566,7649
2566,115340
2566,12474
2566,108553
2566,139507
2566,76748
2566,94574
2566,39853
2566,1
2566,112217
2566,170
2566,82295
2566,8024
2566,158295
2566,60970
2566,769
2566,112488
2566,124343
2566,143305
2566,12379
2566,81715
2566,130437
2566,19009
2566,89008
2566,158036
2566,137400
2566,93509
2566,134255
2566,8473
2566,51524
2566,144801
2566,107405
2566,62567
2566,74547
2566,159067
2566,30387
2566,32559
2566,146165
2566,110086
2566,42334
2566,12943
2566,106103
2566,141310
2566,140352
2566,158270
2566,36900
2566,929
2566,84484
2566,33895
2566,167194
2566,134180
2566,116947
2566,128547
2566,34046
2566,98057
2566,91099
2566,141080
2566,77197
2566,14186
2566,155767
2566,29195
2566,119529
2566,18090
2566,90422
2566,103896
2566,96429
2566,121088
2566,142359
2566,88305
2566,32417
2566,33585
2566,123828
2566,45712
2566,158789
2566,78484
2566,30663
2566,52845
2566,34715
2566,98568
2566,49264
2566,71232
2566,125067
2566,75518
2566,81238
2566,16183
2566,39523
2566,73427
2566,130225
2566,2781
2566,81289
2566,145595
2566,17879
2566,116632
2566,56679
2566,95260
2566,25237
2566,6512
2566,26047
2566,137037
2566,45388
2566,120286
2566,103918
2566,78433
2566,158908
2566,34545
2566,151564
2566,123730
2566,57171
2566,103819
2566,50904
2566,657
2566,136640
2566,7817
2566,118469
2566,83138
2566,74042
2566,147175
2566,118079
2566,80677
2566,127857
2566,95643
2566,57905
2566,31719
2566,140168
2566,65994
2566,117695
2566,23997
2566,88052
2566,86918
2566,62275
2566,107360
2566,109048
2566,160395
2566,5869
2566,154385
2566,67180
2566,81642
2566,96140
2566,86121
2566,102070
2566,122965
2566,66175
2566,76295
2566,86397
2566,56025
2566,88152
2566,97492
2566,3329
2566,2816
2566,165185
2566,85819
2566,89815
2566,115921
2566,68614
2566,156105
2566,123541
2566,86933
2566,51398
2566,108734
2566,105596
2566,28688
2566,50248
2566,28336
2566,38351
2566,164912
2566,45397
2566,12061
2566,146848
2566,33103
2566,121222
2566,95057
2566,16485
2566,113739
2566,67182
2566,33587
2566,73778
2566,129075
2566,85450
2566,19437
2566,27387
2566,38187
2566,158166
2566,119739
2566,156390
2566,149949
2566,144766
2566,97452
2566,90293
2566,65352
2566,21011
2566,72807
2566,113559
2566,86048
2566,47653
2566,17
2566,149818
2566,113579
2566,114785
2566,109506
2566,21760
2566,58843
2566,4221
2566,133963
2566,123231
2566,121873
2566,28855
2566,132341
2566,75389
2566,149841
2566,111465
2566,122124
2566,109049
2566,122893
2566,104736
2566,167827
2566,52073
2566,102429
2566,8091
2566,46666
2566,96163
2566,143294
2566,110492
2566,22232
2566,42760
2566,135269
2566,152524
2566,124559
2566,96784
2566,70006
2566,62109
2566,21522
2566,138474
2566,28710
2566,1629
2566,16083
2566,129448
2566,160444
2566,166381
2566,87548
2566,142743
2566,31274
2566,113875
2566,157764
2566,69884
2566,54489
2566,44657
2566,20508
2566,145587
2566,98590
2566,65401
2566,54053
2566,33543
2566,94164
2566,160400
2566,83964
2566,34050
2566,25607
2566,112191
2566,33344
2566,89892
2566,52446
2566,17678
2566,157595
2566,67426
2566,115319
2566,146633
2566,156699
2566,16189
2566,6245
2566,124333
2566,6235
2566,146557
2566,142394
2566,28136
2566,19076
2566,36197
2566,36719
2566,62177
2566,73719
2566,35348
2566,74060
2566,61205
2566,1782
2566,99470
2566,139289
2566,76135
2566,53219
2566,32905
2566,109988
2566,90420
2566,162450
2566,76373
2566,107042
2566,127920
2566,39528
2566,163040
2566,13787
2566,35492
2566,45049
2566,21974
2566,164536
2566,14683
2566,127687
2566,11759
2566,63075
2566,139419
2566,66302
2566,82080
2566,76551
2566,167038
2566,116098
2566,118534
2566,91766
2566,72157
2566,146307
2566,138390
2566,137325
2566,153187
2566,89201
2566,61521
2566,54203
2566,20828
2566,68521
2566,163551
2566,89364
2566,128884
2566,5778
2566,110103
2566,5981
2566,50798
2566,27722
2566,89096
2566,72971
2566,72547
2566,138389
1124,30191
1124,119838
1124,117838
1124,86096
1124,108414
1124,119552
1124,68285
1124,26064
1124,4522
1124,82580
1124,167512
1124,88677
1124,78674
1124,40050
1124,54385
1124,160100
1124,33658
1124,99395
1124,81680
1124,125547
1124,149499
1124,16126
1124,16237
1124,78822
1124,29431
1124,81308
1124,13287
1124,155239
1124,167919
1124,80388
1124,42275
909,21197
909,82385
909,146916
909,28098
909,11959
909,74634
909,17959
909,77526
909,118627
909,58134
909,9936
909,124724
909,84044
909,28395
909,49837
909,166947
909,144617
909,25907
909,144193
909,87149
909,19147
909,49211
909,76875
909,19868
909,81163
909,123967
909,33838
909,25349
909,76441
909,43232
909,21764
909,47845
909,166734
909,6369
909,119271
909,151045
909,3685
909,129190
909,103754
909,40634
909,65860
909,127612
909,90203
909,29449
909,63040
909,60201
909,47166
909,84905
909,91359
909,131798
909,111471
909,13446
909,91797
909,107302
909,33051
909,141402
909,1665
909,77275
909,91535
909,65430
909,132710
909,131017
909,87376
909,96438
909,156481
909,142012
909,62500
909,116549
909,129570
909,46927
909,132849
909,99266
909,149911
909,142598
909,153158
909,137694
909,17097
909,69303
909,134406
909,112193
909,94667
909,49490
909,36590
909,111675
909,36733
909,39155
909,33008
909,42669
909,42027
909,43347
909,51412
909,37880
909,28246
909,42495
909,51981
909,158503
909,49609
909,54380
909,29396
909,43287
909,27898
909,2660
909,74961
909,113040
909,27735
909,45930
909,60565
909,89177
909,28041
909,57496
909,23010
909,28306
909,74666
909,73756
909,24182
909,58459
909,77320
909,149215
909,132324
909,73238
909,77356
909,18713
909,50156
909,12878
909,32105
909,17309
909,162103
909,47491
909,46268
909,74392
909,55393
909,50489
909,151380
909,125370
909,159359
909,22638
909,163508
909,116810
909,122184
909,95933
909,166873
909,79729
909,74796
909,67233
909,45360
909,19573
909,81445
909,61183
909,87158
909,64205
909,19289
909,84020
909,28364
909,14015
909,31077
909,142836
909,114461
909,122623
909,49780
909,22875
909,135866
909,53520
909,166998
909,82992
909,74005
909,75847
909,147748
909,77771
909,105951
909,45277
909,151965
909,80043
909,30556
909,21329
909,85632
909,73365
909,27822
909,93693
909,66008
909,84596
909,139406
909,143282
909,11648
909,133503
909,85699
909,33424
909,32876
909,129719
909,116840
909,40799
909,48036
909,99954
909,4751
909,154815
909,60172
909,89201
909,160892
909,18849
909,107633
909,107357
909,106658
909,158960
909,58964
909,112768
909,152346
909,1873
909,110501
909,156863
909,148576
909,74546
909,60118
909,44546
909,28243
909,151315
909,58397
909,15461
909,79244
909,3377
909,10981
909,95964
909,75975
909,155658
909,183
909,61964
909,29858
909,38784
909,13401
909,161784
909,102795
909,26419
909,86089
909,130519
909,125811
909,153808
909,101472
909,56507
909,2118
909,164374
909,111503
909,3026
909,50929
909,78177
909,5641
909,98219
909,136106
909,110481
909,82456
909,152475
909,37677
909,58236
909,126048
909,144418
909,25355
909,145958
909,10796
909,13493
909,108450
909,100575
909,52892
909,141047
909,84993
909,91433
909,136136
909,163572
909,902
909,35175
909,126786
909,128373
909,84408
909,166163
909,3855
909,58624
909,102077
909,24305
909,37324
909,57319
909,94857
909,86524
909,75932
909,104193
909,93677
909,31038
909,47769
909,72466
909,159697
909,94347
909,42992
909,113729
909,84836
909,11788
909,6090
909,147359
909,96619
909,112686
909,32360
909,25003
909,167277
909,81204
909,110044
909,130607
909,112669
909,36145
909,165160
909,58721
909,131870
909,83727
909,65530
909,122247
909,6683
909,35883
909,104821
909,10801
909,114818
909,87808
909,103484
909,164152
909,140206
909,34888
909,37331
909,160521
909,149070
909,70114
909,47656
909,110034
909,78285
909,110972
909,41063
909,60373
909,34228
909,115297
909,38096
909,52661
909,138692
909,55923
909,64019
909,131846
909,52572
909,81868
909,75110
909,62504
909,92878
909,30189
909,45740
909,77851
909,15004
909,72294
909,157056
909,47443
909,132557
909,128944
909,22670
909,20718
909,64583
909,156598
909,76603
909,46957
909,65369
909,115542
909,151998
909,79652
909,55758
909,26567
909,71118
909,51099
909,106992
909,28812
909,123955
909,56257
909,84782
909,158679
909,158492
909,72649
909,84992
909,157701
909,147133
909,51589
909,67644
909,80926
909,102522
909,166255
909,109538
909,92663
909,10769
909,96157
909,110152
909,164371
909,157778
909,81871
909,126470
909,160886
909,4590
909,115569
909,91187
909,38520
909,23484
909,21859
909,71044
909,24685
909,71423
909,168050
909,21715
909,125009
909,60080
909,27910
909,121702
909,156886
909,19854
909,121484
909,90662
909,74889
909,107344
909,138663
909,7023
909,6468
909,86412
909,79646
909,144467
909,26671
909,65184
909,15216
909,160055
909,115489
909,35444
909,5043
909,84106
909,78702
909,94073
909,100991
909,19408
909,132429
909,107590
909,151495
909,71799
909,152694
909,13952
909,67664
909,117257
909,84920
909,77894
909,18215
909,37845
909,295
909,71419
909,139367
909,90988
909,6763
909,51070
909,95330
909,52860
909,156159
909,94688
909,44820
909,155230
909,33435
909,20532
909,54698
909,153887
909,74997
909,47604
909,41880
909,53389
909,122030
909,86907
909,100617
909,87161
909,74397
909,148031
909,40621
909,17292
909,37694
909,74774
909,37204
909,128099
909,138062
909,41263
909,32298
909,66244
909,149830
909,109027
909,105067
909,589
909,146522
909,98968
909,42860
909,2234
909,64832
909,12616
909,64080
909,101133
909,95073
909,6175
909,109746
909,806
909,128609
909,139855
909,59525
909,134272
909,166321
909,152238
909,79169
909,127530
909,42896
909,57057
909,146784
909,58839
909,157190
909,27690
909,71757
909,127227
909,147179
909,120784
909,54392
909,140819
909,25648
909,1876
909,93913
909,125189
909,13229
909,10473
909,98124
909,151890
909,108475
909,159092
909,154191
909,12475
909,63734
909,113867
909,28892
909,128441
909,83412
909,167581
909,144686
909,146126
909,135851
909,154948
909,78948
909,142945
909,105536
909,39950
909,139966
909,94971
909,135914
909,25557
909,25582
909,151420
909,108895
909,166073
909,9556
909,54269
909,145161
909,166791
909,118609
909,119887
909,37411
909,45810
909,20262
909,50976
909,117729
909,128852
909,100676
909,13185
909,117967
909,46719
909,6002
909,12292
909,163443
909,3396
909,147989
909,51119
909,102978
909,151619
909,38362
909,127539
909,158488
909,55142
909,106743
909,141760
909,43160
909,157199
909,65725
909,113791
909,19433
909,48101
909,32859
909,56875
909,155511
909,56818
909,110348
909,19228
909,130582
909,121214
909,122449
909,52090
909,53659
909,133876
909,99482
909,100359
909,52097
909,31312
909,108956
909,121306
909,89329
909,23139
909,145146
909,91777
909,35435
909,124869
909,52394
909,155002
909,77357
909,45719
909,22703
909,21001
909,77315
909,66813
909,123888
909,123175
909,14612
909,53918
909,45918
909,28816
909,144572
909,126908
909,153362
909,13456
909,94137
909,37183
909,94760
909,126071
909,108434
909,41222
909,99583
909,148922
909,137450
909,117287
909,49453
909,86617
909,25872
909,36827
909,36080
909,9433
909,151686
909,112706
909,143933
909,118083
909,41748
909,136644
909,67960
909,30732
909,62036
909,85315
909,114624
909,110696
909,17980
909,122478
909,65157
909,36785
909,123979
909,133922
909,125022
909,8779
909,127771
909,165564
909,18226
909,120246
909,6411
909,117288
909,108601
909,150560
909,34458
909,77860
909,135856
909,117278
909,121022
909,40993
909,146431
909,84196
909,65804
909,47282
909,72490
909,154851
909,105028
909,155148
909,112065
909,42926
909,119532
909,29842
909,9410
909,114714
909,128670
909,71194
909,164070
909,51884
909,15107
909,127102
909,78389
909,101017
909,26345
909,24650
909,27162
909,16740
909,16096
909,81974
909,57241
909,2158
909,50442
909,7074
909,127197
909,110082
909,139792
909,164382
909,167352
909,125265
909,163649
909,138733
909,25626
909,154613
909,75735
909,48339
909,147780
909,70055
909,40
909,114717
909,127623
3964,20765
3964,116968
3964,129366
3964,81541
3964,140601
3964,120805
3964,106657
3964,119979
3964,134998
3964,67200
3964,10075
3964,117736
3964,85622
3964,105594
3964,22078
3964,16990
3964,17133
3964,143468
3964,139588
3964,61108
3964,76814
3964,45403
3964,27854
3964,152176
3964,82906
3964,125001
3964,49582
3964,4709
3964,69637
3964,165570
3964,129514
3964,40147
3964,11347
3964,39462
3964,100175
3964,105381
3964,51118
3964,88068
3964,160501
3964,48908
3964,75938
3964,163191
3964,108418
3964,14549
3964,39472
3964,107102
3964,141376
3964,79703
3964,61043
3964,67009
3964,129641
3964,9396
3964,99602
3964,93528
3964,45177
3964,44659
3964,164313
3964,133824
3964,84459
3964,12942
3964,39661
3964,91922
3964,140669
3964,114934
3964,49835
3964,4176
3964,58942
3964,117641
3964,85012
3964,63292
3964,61368
3964,50586
3964,136776
3964,15285
3964,134697
3964,89464
3964,28403
3964,59533
3964,159842
3964,51372
3964,16179
3964,60882
3964,63561
3964,86261
3964,105585
3964,25992
3964,100239
3964,31593
3964,71078
3964,123245
3964,84888
3964,23820
3964,162048
3964,8756
3964,67112
3964,76420
3964,140789
3964,134176
3964,67313
3964,21565
3964,82324
3964,106880
3964,2377
3964,77466
3964,145114
3964,150219
3964,93361
3964,137010
3964,73960
3964,146321
3964,124962
3964,105355
3964,22681
3964,82178
3964,52103
3964,142828
3964,101752
3964,3077
3964,25639
3964,147403
3964,26331
3964,98279
3964,96088
3964,32250
3964,166839
3964,83496
3964,123978
3964,129405
3964,157700
3964,23181
3964,95065
3964,77585
3964,10110
3964,30605
3964,58438
3964,98853
3964,155121
3964,84745
3964,92826
3964,136393
3964,116883
3964,146608
3964,10883
3964,35183
3964,156761
3964,80472
3964,71648
3964,112516
3964,62783
3964,40478
3964,153793
3964,74590
3964,99526
3964,3412
3964,159075
3964,102481
3964,6105
3964,126271
3964,137540
3964,6729
3964,145987
3964,156422
3964,138351
3964,94623
3964,123206
3964,106868
3964,144278
3964,83783
3964,89895
3964,160470
3964,133621
3964,55142
3964,155064
3964,104548
3964,52350
3964,138336
3964,124497
3964,164677
3964,32557
3964,3596
3964,158664
3964,37664
3964,7585
3964,79606
3964,146746
3964,428
3964,167085
3964,47908
3964,32983
3964,114560
3964,144790
3964,115286
3964,62969
3964,34591
3964,17680
3964,73306
3964,59802
3964,18564
3964,111014
3964,33271
3964,68611
2664,82669
2664,151213
2664,112993
2664,108273
2664,31917
2664,144190
2664,85069
2664,93374
2664,60902
2664,158691
2664,77807
2664,55164
2664,30401
2664,126231
2664,124170
2664,117645
2664,70399
2664,127007
2664,46684
2664,18052
2664,74523
2664,38472
2664,147873
2664,81575
2664,118125
2664,154677
2664,103805
2664,81350
2664,87354
2664,92531
2664,31927
2664,44424
2664,117125
2664,122126
2664,164912
2664,97643
2664,117188
2664,100703
2664,22666
2664,80546
2664,74287
2664,163536
2664,135448
2664,161234
2664,112729
2664,5182
2664,22071
2664,139229
2664,52661
2664,95759
2664,111970
2664,87886
2664,50632
2664,73080
2664,42869
2664,134628
2664,130345
2664,148873
2664,45233
2664,94550
2664,141742
2664,7350
2664,142448
2664,77005
2664,12603
2664,33124
2664,34306
2664,6948
2664,40776
2664,12519
2664,112388
2664,73463
2664,87161
2664,121403
2664,10971
2664,152223
2664,163104
2664,163366
2664,35183
2664,75641
2664,39985
2664,162954
2664,162262
2664,17669
2664,40185
2664,132844
2664,115390
2664,154142
2664,10441
2664,138029
2664,119588
2664,87981
2664,18940
2664,154997
2664,136028
2664,110425
2664,108154
2664,99941
2664,157798
2664,129092
2664,23818
2664,68496
2664,84799
2664,40956
2664,137147
2664,111264
2664,110985
2664,101261
2664,147099
2664,81615
2664,92097
2664,162872
2664,126415
2664,51614
2664,42034
2664,23718
2664,116845
2664,157404
483,94173
483,80589
483,44020
483,74634
483,2890
483,57656
483,147987
483,100014
483,45179
483,66865
483,122339
483,33520
483,10784
483,3355
483,120294
483,62043
483,82128
483,132160
483,123502
483,25349
483,131498
483,22088
483,108727
483,138557
483,108105
483,31122
483,92189
483,67773
483,84401
483,159787
483,139493
483,76230
483,136822
483,61247
483,71378
483,80644
483,49394
483,8740
483,122471
483,110522
483,109998
483,15632
483,15754
483,122882
483,163200
483,60749
483,18486
483,117076
483,107969
483,121301
483,27735
483,31592
483,109421
483,106754
483,4001
483,117139
483,59478
483,100737
483,131546
483,49429
483,127657
483,19628
483,53970
483,73748
483,164869
483,52673
483,160681
483,80927
483,105065
483,118185
483,30054
483,52361
483,56721
483,13053
483,94597
483,69874
483,25218
483,123741
483,8653
483,68345
483,53178
483,137862
483,24144
483,154471
483,147513
483,34983
483,27784
483,131433
483,83319
483,50896
483,7167
483,66318
483,34396
483,99629
483,116679
483,164184
483,28944
483,165598
483,106359
483,156034
483,88691
483,147421
483,36172
483,111705
483,76654
483,142774
483,63979
483,164868
483,158621
483,9601
483,107303
483,139434
483,30954
483,122405
483,159682
483,51181
483,24736
483,141426
483,103473
483,42646
483,49836
483,117543
483,148241
483,50677
483,85099
483,106421
483,93986
483,46270
483,161918
483,55774
483,132897
483,112074
483,152003
483,88768
483,8692
483,51658
483,107926
483,8509
483,168061
483,83881
483,110453
483,150959
483,42933
483,124931
483,71269
483,53352
483,98961
483,79431
483,68841
483,110656
483,28782
483,5154
483,141753
483,41748
483,61362
483,114968
483,93730
483,7988
483,66153
483,140945
483,35576
483,12605
483,164351
483,147227
483,11459
483,67029
483,16661
483,37210
483,130400
483,16581
483,138873
483,144917
483,140349
483,124609
483,10925
483,27896
483,154369
483,167548
483,131309
483,151327
483,159589
483,163592
483,59757
483,152941
483,17830
483,63914
483,13512
483,111343
483,35935
483,104371
483,48957
483,114540
483,50082
483,117697
483,80897
483,56631
483,147704
483,24723
483,107314
483,67047
483,98146
483,79856
483,80890
483,76924
483,30129
483,84841
483,36178
483,33184
483,155616
483,29683
483,51311
483,17400
483,3855
483,114035
483,129023
483,91043
483,97196
483,118077
483,71051
483,38486
483,76351
483,134903
483,117679
483,107837
483,26440
483,13638
483,85145
483,63536
483,149557
483,138746
483,129337
483,11860
483,140369
483,116837
483,18889
483,42293
483,71045
483,18050
483,2514
483,8298
483,42750
483,40950
483,28878
483,147881
483,76966
483,161410
483,165575
483,130223
483,114874
483,70434
483,39654
483,136517
483,11567
483,102796
483,155314
483,119858
483,68817
483,18099
483,156996
483,27197
483,116924
483,17532
483,67089
483,62070
483,29133
483,41309
483,165154
483,60336
483,12242
483,2197
483,145586
483,96133
483,25497
483,30586
483,88333
483,36836
483,144009
483,6974
483,144592
483,83663
483,75819
483,81754
483,159654
483,38699
483,102753
483,10516
483,42985
483,123799
483,32105
483,122162
483,13644
483,137092
483,153675
483,110937
483,89278
483,126680
483,150570
483,160118
483,86089
483,95182
483,64109
483,109247
483,59819
483,136161
483,1419
483,164172
483,125801
483,81425
483,131930
483,79244
483,31791
483,16355
483,53758
483,119206
483,131587
483,86504
483,30905
483,78965
483,56090
483,22908
483,40422
483,80874
483,148750
483,132642
483,119788
483,135859
483,123665
483,33676
483,161718
483,157238
483,124920
483,49621
483,57086
483,72037
483,166991
483,43230
483,81164
483,27628
483,120469
483,98430
483,91828
490,36792
490,9787
490,102957
490,75374
490,103466
490,81064
490,94403
490,24929
490,56974
490,63134
490,28038
490,121686
490,47604
490,145987
490,14398
490,55793
490,128532
490,34685
490,126498
490,63075
490,29261
490,90613
490,79211
490,43089
490,120536
490,34772
490,125136
490,151045
490,62043
490,34279
490,167380
490,32442
490,18629
490,26791
490,74179
490,95614
490,72466
490,129570
490,50940
490,5380
490,59376
490,91506
490,166639
490,130400
2377,116968
2377,67912
2377,64736
2377,102425
2377,80019
2377,51643
2377,43252
2377,5533
2377,137434
2377,8495
2377,1658
2377,1694
2377,43296
2377,266
2377,41835
2377,35087
2377,145674
2377,54447
2377,52460
2377,101028
2377,84147
2377,40599
2377,132811
2377,160424
2377,55904
2377,101817
2377,42594
2377,123660
2377,74903
2377,165103
2377,532
2377,111245
2377,31894
2377,153901
2377,50234
2377,128278
2377,15285
2377,20574
2377,153468
2377,73866
2377,79163
2377,51346
2377,9371
2377,14742
2377,144356
2377,44190
2377,97569
2377,163740
2377,93835
2377,168051
2377,30195
2377,93948
2377,3483
2377,95890
2377,134175
2377,100815
2377,92046
2377,92128
2377,79753
2377,94100
2377,32030
2377,122570
2377,130112
2377,165651
2377,121911
2377,20926
2377,91615
2377,151762
2377,112865
2377,138937
2377,166257
2377,26802
2377,41374
2377,150767
2377,166425
2377,99520
2377,62392
2377,110462
2377,58438
2377,78918
2377,162366
2377,110155
2377,9806
2377,113088
2377,71353
2377,75344
2377,48277
2377,118212
2377,132013
2377,151232
2377,102724
2377,85811
2377,1889
2377,160486
2377,136105
2377,55862
2377,47629
2377,3602
2377,146557
2377,167839
2377,121871
2377,6729
2377,157700
2377,106094
2377,52999
2377,39259
2377,159435
2377,57479
2377,65919
2377,62520
2377,5024
2377,147519
2377,166629
2377,91934
2377,7078
2377,108194
2377,71439
2377,59802
2377,93218
2377,18564
2377,154613
2377,102329
3984,109221
3984,30009
3984,100251
3984,146901
3984,75769
3984,126059
3984,151107
3984,82371
3984,97568
3984,90137
3984,1290
3984,80917
3984,48809
3984,14576
3984,1356
3984,17476
3984,54677
3984,109185
3984,108163
3984,165300
3984,76716
3984,103008
3984,162230
3984,8148
3984,157037
3984,113837
3984,101419
3984,10926
3984,146128
3984,118039
3984,51968
3984,22467
3984,102107
3984,46707
3984,81316
3984,7537
3984,29589
3984,161165
3984,68060
3984,5729
3984,108570
3984,128705
3984,134354
3984,37106
3984,1904
3984,41606
3984,79464
3984,15164
3984,41461
3984,106251
3984,79287
3984,89461
3984,77470
3984,65798
3984,91612
3984,57680
3984,3218
3984,135566
3984,52917
3984,48037
3984,138399
3984,152316
3984,151065
3984,151321
3984,95134
3984,160235
3984,78171
3984,16567
3984,153038
3984,56016
3984,43074
3984,99188
3984,117853
3984,118643
3984,135876
3984,100484
3984,146324
3984,46281
3984,27208
3984,24991
3984,73578
3984,39016
3984,137719
3984,109516
3984,34317
3984,167020
3984,44333
3984,158199
3984,63224
3984,134833
3984,155209
3984,51865
3984,84292
3984,117876
3984,139054
3984,99225
3984,111634
3984,109454
3984,166639
3984,157715
3984,13096
3984,147938
3984,87418
3984,82567
3984,63109
3984,163978
3984,153481
3949,96653
3949,17133
3949,59609
3949,64100
3949,65198
3949,102949
3949,125488
3949,82324
3949,22681
3949,887
3949,22573
3949,121782
3949,130224
3949,23127
3949,31807
1952,4341
1952,85519
1952,33789
1952,64163
1952,161745
1952,85761
1952,116746
1952,151703
1952,98920
1952,63292
1952,18599
1952,21076
1952,138818
1952,76232
1952,115106
1952,166029
1952,148195
1952,32983
1952,38355
1952,111067
1952,101092
1952,59411
1952,33271
1952,92404
1952,79543
1952,13640
1952,25141
1952,128151
1952,60416
1952,33869
1952,2360
1952,124821
1952,75114
1952,26035
1952,5024
1952,52730
1952,108771
1952,75630
1952,108379
1952,33920
1952,107048
1952,88448
3471,67027
3471,66515
3471,121085
3471,132421
3471,15479
3471,49441
3471,161533
3471,102348
3471,17408
3471,14446
3471,84241
3471,120610
3471,51651
3471,44765
3471,79630
3471,58530
3471,36633
3471,57286
3471,73982
3471,54978
3471,146465
3471,114415
3471,54285
3471,16403
3471,46268
3471,89350
3471,112702
3471,87158
3471,4560
3471,150119
3471,159958
3471,120565
3471,157308
3471,52786
3471,136959
3471,20170
3471,70501
3471,138809
3471,133181
3471,116848
3471,80832
3471,74040
3471,53178
3471,55072
3471,98961
3471,76588
3471,94148
3471,126207
3471,154992
3471,81500
3471,18124
3471,84993
3471,6850
3471,86555
3471,52545
3471,4947
3471,6758
3471,145273
3471,112979
3471,55917
3471,4544
3471,105911
3471,83669
3471,72192
3471,142653
3471,16124
3471,87198
3471,59292
3471,82464
3471,35016
3471,59436
3471,111311
3471,72451
3471,36080
3471,127206
3471,121990
3471,108553
3471,147670
3471,104483
3471,12417
3471,82820
3471,55440
3471,4159
3471,153034
3471,114938
3471,55832
3471,124733
3471,101092
3471,160612
3471,47333
3471,162093
3471,97047
3471,86994
3471,123215
3471,141018
3471,41126
3471,4556
3471,97270
3471,36356
3471,84564
3471,121508
3471,1558
3471,25794
3471,51163
3471,80689
3471,28117
3471,47115
3471,34166
3471,18037
3471,124370
3471,132315
3471,88670
3471,29807
3471,120921
3471,40953
3471,143975
3471,81420
3471,144958
3471,95074
3471,65976
3471,57493
3471,79257
3471,137022
3471,4645
3471,78150
3471,85091
3471,93682
3471,118175
3471,149407
3471,161348
3471,158407
3471,105472
3471,155195
3471,166859
3471,43972
3471,153899
3471,145192
3471,62407
3471,52444
3471,65235
3471,161373
3471,9410
3471,87765
3471,56695
3471,5680
3471,39151
3471,95173
3471,145900
3471,18513
3471,159665
3471,133772
3471,81490
3471,117958
3471,112432
3471,99156
3471,15473
3471,109934
3471,70970
3471,75009
3471,34860
3471,123724
2375,33978
2375,118043
2375,78678
2375,27090
2375,73617
2375,47122
2375,147278
2375,68337
2375,54017
2375,117445
2375,36280
2375,158186
2375,38385
2375,10056
2375,163505
2375,76115
2375,29312
2375,78566
2375,91268
2375,66218
2375,3066
2375,136188
2375,106388
3030,112160
3030,38426
3030,58638
3030,92584
3030,119086
3030,144580
3030,90441
3030,82692
3030,137147
3030,134527
3030,36573
3030,105192
3030,117602
3257,58518
3257,140674
3257,147116
3257,111383
3257,75800
3257,86044
3257,109804
3257,10682
3257,147965
3257,157010
3257,136129
3257,9787
3257,167648
3257,9770
3257,133771
3257,138218
3257,21181
3257,42145
3257,48842
3257,17480
3257,113695
3257,104411
3257,92980
3257,165348
3257,87249
3257,98273
3257,72067
3257,132158
3257,45332
3257,104789
3257,128670
3257,52127
3257,129777
3257,30705
3257,119206
3257,2141
3257,116793
3257,138899
3257,158031
3257,154585
3257,72466
3257,138708
3257,83334
3257,97694
2120,16953
2120,90918
2120,145603
2120,28395
2120,160901
2120,39008
2120,95794
2120,39091
2120,128084
2120,58530
2120,56171
2120,17822
2120,132495
2120,83538
2120,80478
2120,147104
2120,90842
2120,63863
2120,10481
2120,5293
2120,131267
2120,89028
2120,152458
2120,132474
2120,50843
2120,16748
2120,82500
2120,136525
2120,32189
2120,32417
2120,63656
2120,116205
2120,81136
2120,106587
2120,165528
2120,29271
2120,166212
2120,75009
2120,56464
2120,122527
2120,92505
2120,138692
2120,111819
2120,6258
2120,161579
2120,24049
2120,156711
2120,92663
2120,55281
2120,95074
2120,14696
2120,46053
2120,152696
2120,167952
2120,30473
2120,42168
2120,81538
2120,37454
2120,85565
2120,67092
2120,95073
2120,150105
2120,47547
2120,806
2120,114717
2120,7915
2120,36697
2120,45938
2120,44656
2120,151594
2120,163538
2120,134180
2120,13015
2120,98697
2120,122200
2120,79384
2120,49225
2120,11419
2120,26203
2120,97018
2120,31398
2120,36785
2120,121606
2120,4645
2120,147419
2120,18823
2120,76843
2120,149964
2120,48686
2120,88994
2120,18096
2120,152713
2390,83479
2390,95352
2390,48383
2390,90076
2390,160716
2390,90107
2390,154423
2390,138687
2390,81458
2390,134481
3804,131390
3804,89843
3804,15191
3804,40006
1178,147247
1178,67009
1178,63160
1178,116832
1178,87842
1178,34375
1178,21526
1178,125012
1178,124341
1178,156163
1178,58823
1178,130253
1178,14782
1178,122759
1178,120741
1178,59387
1178,28403
1178,29190
1178,87344
1178,154748
1178,20749
1178,31688
1178,85589
1178,140431
1178,29983
1178,66638
1178,123001
1178,156467
1178,121549
1178,57097
1178,99872
1178,94521
1178,38883
1178,150245
1178,110232
1178,114340
1178,58142
1178,145101
1178,165692
1178,71053
1178,121647
1178,89965
1178,161113
1178,63399
1178,43857
1178,89100
1178,93017
1178,91616
1178,39627
1178,74721
1178,29344
1178,151901
1178,134792
1178,87636
1178,95734
1178,98001
1178,45716
1178,152767
1178,30365
1178,65693
1178,99908
1178,59662
1178,29041
1178,115882
1178,21701
1178,140288
1178,86621
1178,88913
1178,167085
1178,45332
1178,65569
1178,140188
1178,133270
1178,152111
1178,164959
1178,652
1178,139372
1178,163740
1178,45073
1178,18210
1178,67185
1178,59328
1178,41700
1178,116226
1178,90340
1178,4732
1178,129100
1178,33964
1178,44527
1178,19827
1178,118109
1178,160042
1178,103094
1178,154135
1178,94937
1178,147435
1178,8552
1178,21692
1178,117138
1178,108089
1178,30032
1178,16007
1178,21242
1178,91393
1178,16226
1178,131356
1178,40057
1178,93835
1178,63404
1178,106221
1178,64981
1178,120985
1178,12555
1178,145674
3463,66982
3463,84
3463,8010
3463,152428
3463,84644
3463,90655
3463,119271
3463,166779
3463,75100
3463,35647
3463,39092
3463,31029
3463,158691
3463,19518
3463,130901
3463,133287
3463,58806
3463,61755
3463,145635
3463,109897
3463,100852
3463,109665
3463,71428
3463,58928
3463,67921
3463,59397
3463,148640
3463,95806
3463,69485
3463,95364
3463,111293
3463,64877
3463,99285
3463,45031
3463,72405
3463,37612
3463,89843
3463,67435
3463,152346
3463,73351
3463,92887
3463,41490
3463,37390
3463,85314
3463,153675
3463,18810
3463,47961
3463,91957
3463,21819
3463,79388
3463,21336
3463,138119
3463,77536
3463,80114
3463,99487
3463,93260
3463,104293
3463,78789
3463,12197
3463,120960
3463,74889
3463,109506
3463,51342
3463,91735
3463,124931
3463,49156
3463,9601
3463,103110
3463,46816
3463,49970
3463,78826
3463,79026
3463,16089
3463,43295
3463,49623
3463,74706
3463,128494
3463,103794
3463,47657
3463,46175
3463,138243
3463,42985
3463,136459
3463,103838
3463,141720
3463,11955
3463,38588
3463,6677
3463,108035
3463,112164
3463,2590
3463,163031
3463,67898
3463,134957
3463,68739
3463,113301
3463,123717
3463,27165
3463,40964
3463,52097
3463,149649
3463,104142
3463,148813
3463,73659
3463,24483
3463,15628
3463,126525
3463,95770
3463,68144
3463,144517
3463,153725
3463,72141
3463,106179
3463,10163
3463,138813
3463,70432
3463,68178
3463,71121
3834,61586
3834,59093
3834,102594
3834,77144
3834,2645
3834,88021
3834,133886
3834,20873
3834,145231
3834,89151
3834,88352
3834,47800
3834,18754
3834,145025
3834,111150
3834,14669
3834,132797
3834,164920
3834,31467
3834,163848
3834,68612
3834,129399
3834,145931
3834,77962
3834,20999
3834,139394
3834,139201
3834,40187
2190,162466
2190,132003
2190,95659
2190,50871
2190,143662
2190,142
2190,119615
2190,59159
2190,12108
2190,26783
2190,75045
2190,43388
2190,162761
2190,35584
2190,162836
2190,109779
2190,164502
2190,160102
2190,82021
2190,93622
2190,150956
2190,159179
2190,15413
2190,114462
2190,71761
2190,56787
2190,74728
2190,75685
2190,10330
2451,45506
2451,113489
2451,155891
2451,85560
3434,18483
3434,109580
3434,23923
3434,115669
3434,17016
3434,131090
3434,147956
3434,155164
3434,161605
3434,30006
3434,121403
3434,163498
3434,55191
3434,83778
3434,143142
1183,101708
1183,81476
1183,38639
1183,35579
1183,128410
1183,153236
1183,164090
1183,100278
1183,60442
1183,108870
1183,115736
1183,28787
1183,138634
1183,92980
1183,16383
1183,5189
1183,68642
1183,150441
1183,91777
1183,95913
1183,41894
1183,102683
1183,27659
1183,19618
1183,128614
2037,102763
2037,116145
2037,63001
2037,110634
2037,39400
2037,25699
2037,86221
2037,7727
1508,119448
1508,19635
1508,81068
1508,119250
1508,157438
1508,87321
1508,56568
1508,128826
1508,130427
1508,154999
1508,129483
1508,37241
1905,19099
1905,149247
1905,59638
1905,127100
1905,113643
1905,155185
868,159530
868,135884
868,11595
868,120696
868,110644
868,10468
868,5814
868,135941
868,103221
868,155659
868,137119
868,43077
868,142088
868,157146
868,71057
868,116472
868,94772
868,163678
868,12051
868,1853
868,29772
868,125413
868,42562
868,19492
868,106440
868,35905
868,131144
868,85854
868,47497
868,150398
868,66965
868,37591
868,136213
868,152181
868,36551
868,160405
868,113460
868,106991
868,130186
868,101651
868,118257
868,36006
868,106560
868,141486
868,131839
868,122539
868,145636
868,38709
175,138054
175,19824
175,113302
175,46284
175,141958
175,59614
175,60853
175,12270
175,26911
175,119378
175,97078
175,62166
175,140326
175,130921
175,165105
1090,128753
1090,68050
1090,63804
1090,6127
1090,114426
1090,86520
1090,11149
1090,125660
1090,42130
1090,118711
1090,53555
1090,75391
1090,41384
1090,119807
1090,157040
1090,12459
1090,78365
1090,105585
1090,147342
1090,8775
1090,165741
1090,116254
1090,126866
1090,90441
1090,138838
1090,101974
1090,164309
1090,23749
1090,52537
1090,39519
1090,122499
1090,94887
1090,124179
1090,64672
1090,97337
1090,162337
1090,102893
1090,28445
1090,60959
1090,122611
2774,66002
2774,6445
2774,65692
2774,1618
2774,158115
2774,12127
2774,15960
2774,140337
2774,66845
2774,145082
2774,27228
2774,107438
2774,152316
3579,156763
3579,43932
3579,16400
3579,151872
3579,5949
3579,5155
3579,149048
3579,84173
3579,54711
3579,27437
3579,147521
3579,45075
3579,39535
3579,115459
3579,115571
3579,51812
3579,38339
3579,138898
3579,53942
3579,149796
3579,59796
3579,54492
3579,158914
3579,152562
3579,109054
3579,76476
3579,70385
3579,112645
3579,79184
3579,129953
3579,11677
3579,127000
3579,254
3579,145841
3579,136963
3579,141444
3579,144881
3579,27378
389,27470
389,8994
389,16734
1235,104385
1235,71724
1235,30020
1235,91036
1235,73271
1235,7501
1235,3352
1235,132592
1235,8096
1235,31593
1235,61049
1235,117793
1235,19492
1235,58550
1235,4471
1235,60299
1235,164908
1235,49199
1235,163678
1235,48297
1235,63483
1235,35965
1235,85832
1235,123465
1235,148163
1235,13205
1235,104562
1235,126409
1235,91789
1235,156871
1235,40696
1235,47261
1235,131066
1235,158008
1235,119210
1235,61975
1235,86673
1235,43074
1235,78302
1235,66667
1235,82698
1235,102932
1235,87967
1235,30658
1235,152757
1235,145270
1235,4256
1235,33717
1235,68287
1235,144370
1235,27359
1235,116480
1235,58038
1235,141039
1235,101109
1235,8752
1235,118157
1235,30148
1235,47511
1235,51251
1235,28112
1235,89049
1235,66435
1235,96848
1235,85587
1235,66698
1235,45038
1235,10563
1235,126980
1235,74862
1235,47124
1235,142122
1235,151114
1235,115656
1235,156544
1235,2042
1235,154223
1235,18628
1235,105971
1235,40866
1235,3581
1235,69264
1235,156743
1235,152267
1235,29470
1235,6851
1235,100153
1235,84584
1235,157727
1235,103471
1235,36407
1235,124391
1235,1581
1235,78553
1235,50586
1235,112595
1235,164448
1235,163184
1235,25036
1235,107764
1235,106821
1235,90474
1235,57963
1235,150063
1235,52192
1235,52799
1235,60326
1235,1642
1235,15993
1235,25831
1235,144056
1235,11720
1235,124596
1235,160972
1235,33166
2765,20352
2765,156796
2765,118940
2765,134349
3896,59791
3896,12113
3896,58525
3896,57135
3896,34535
3896,126705
3896,37433
3896,65744
3896,19304
3896,43149
3896,98388
3896,162128
3896,110019
3896,95132
3896,28363
3896,77628
3896,163456
3896,158448
3896,122053
3896,57368
3896,136393
3896,159880
3896,85604
3896,31149
3896,145065
3896,20669
3896,111243
3896,136596
3896,162901
3896,33336
3896,86204
3896,101181
3896,13952
3896,157999
3896,71745
3896,104730
3896,118794
3896,126079
3896,87035
3896,76883
3896,74176
3896,19666
3896,72246
3896,166130
3896,111260
3896,55103
3896,61362
3896,136495
3896,51930
3896,22928
3896,7185
3896,14131
3896,118244
3896,79199
2487,41976
2487,135332
2487,79457
1811,103776
1811,121191
1811,20869
1811,93141
1811,101988
1811,33029
1990,129829
1990,93062
1990,55071
1990,140175
1990,10383
1990,82682
1990,111569
1990,41523
1990,33916
1990,156772
1990,155225
1990,45886
1990,53613
1990,45178
1990,127544
1990,56051
1990,42299
1990,6434
1990,20098
1990,101532
3005,35756
3005,18592
3005,82376
3005,64400
1301,120972
179,111670
179,99279
179,55165
179,3492
179,24497
3617,131325
3617,53436
3617,132188
3617,41675
2085,3894
2085,107468
2085,33634
2085,93613
2085,155603
2085,156772
2085,69440
2085,38766
2085,134989
2085,167006
2085,149532
2085,146080
2085,109152
2085,158740
2085,86204
2085,36624
2085,89061
2085,64191
2085,19710
2085,142903
2085,36234
2085,98279
2085,50122
2085,141871
3439,139969
3439,76091
3439,99226
3439,116792
3439,150810
3439,60210
3439,46914
3439,109122
3439,49086
3439,57167
3439,68230
3439,91043
3439,11172
3439,41945
3439,101881
3439,38891
3439,18151
3439,68279
3439,101912
3439,73352
3439,71029
3439,88265
3439,116546
3439,61074
3439,141753
3439,81497
3439,99727
3439,82035
3439,130346
3439,84881
3439,100936
3439,140305
3439,70994
3439,133401
3439,83663
3439,129010
3439,23864
3439,124178
3439,40895
3439,13025
3439,44448
284,81180
284,134332
284,31677
284,40781
284,56727
284,67242
284,148117
284,81225
284,28635
284,61087
284,133947
284,49129
284,10762
284,40324
284,38998
284,74841
284,82939
284,119482
284,55818
284,112482
284,110081
284,7836
284,166097
284,99113
284,66056
284,53071
284,21373
284,75004
284,103154
284,10560
284,128099
284,28933
284,5425
284,137719
284,73850
284,98267
284,92648
284,134162
284,78772
284,122464
284,91079
284,65244
284,141238
284,133927
284,6896
284,18868
284,47607
284,62010
284,105591
284,155547
284,133168
284,70852
284,18564
1220,10290
1220,134645
1220,94925
1220,137374
1311,120694
1311,96012
1311,123152
1311,51821
1311,8769
1311,96772
1311,88093
1311,74666
1311,33858
1311,64034
1311,80428
1311,85117
1311,115091
1311,5856
1311,147498
1311,110286
1311,146547
1311,141092
1311,95575
1311,49212
1311,55750
1311,93661
1311,157850
1311,80743
1311,59912
1311,1622
1311,163788
1311,71003
1311,69835
1311,10045
1311,113643
1311,11679
1311,133383
1311,29589
1311,75004
1311,116818
1311,130837
1311,154355
1311,10723
1311,19842
977,135558
977,83810
977,88723
977,134860
977,155840
977,126384
2117,93797
2117,25011
2117,100539
2117,3474
2117,67532
2117,13574
2117,92494
2117,66127
2117,116038
939,103186
939,163172
939,69342
939,140255
939,144032
939,22400
939,120143
939,387
939,2422
939,90493
939,160422
939,101750
939,22648
939,20002
939,132060
939,6714
939,166058
939,7932
939,113422
939,62211
939,117030
939,160823
939,50344
939,5774
939,71092
939,114109
939,155102
939,150861
786,131023
786,53191
786,10399
786,9668
786,154491
786,137707
786,53789
786,36818
786,122213
786,79781
786,94451
786,104370
786,60205
786,87525
786,132199
786,131892
786,39415
786,83264
786,167210
786,68497
786,104389
786,153734
786,72876
54,93650
54,140929
54,127862
54,68800
54,87056
54,55068
54,124058
54,42492
2827,133461
2827,45348
3826,16582
3826,123967
3826,139928
3826,88826
3826,124826
3826,42381
3826,141158
3826,44647
3826,35183
3826,126143
3826,132109
3826,145246
3826,119588
3826,98344
3826,111219
3826,19139
3826,1961
3826,93546
3826,124556
3826,39654
3826,105282
3826,53989
1289,139464
1289,65798
3622,57167
3622,135307
3622,79599
3622,18649
3622,87273
3622,77187
3622,125902
3622,168111
3622,163932
3622,97521
3622,29300
805,116606
704,31677
704,522
704,149241
704,47832
704,511
704,52355
704,135669
704,33017
704,31711
704,38588
704,44518
704,124737
704,151210
704,106052
704,138697
704,60781
704,156700
704,44478
704,76189
704,131042
704,39175
704,148586
704,152619
704,149869
704,149202
704,134162
704,34116
704,81479
704,26356
2870,148519
2870,28993
2870,66765
2870,149530
2870,33685
2870,122820
2870,115749
2870,73448
2870,47935
2870,155214
2870,34310
2870,1980
2870,97129
2870,49563
2870,58329
1554,106925
1554,88995
1554,48162
1111,2089
1111,86204
1111,152973
1415,105048
1415,69792
1415,81491
1415,110191
1415,23705
1415,104742
1415,80134
1415,91977
1415,91668
1415,111865
1415,159614
1415,145225
3183,72884
3183,134186
3183,37518
3183,158446
948,24336
948,96181
948,3086
948,72578
948,33481
948,122428
948,100801
948,21671
948,100075
948,30851
948,50203
948,39596
948,96538
948,62352
948,105299
948,7438
948,165190
948,106496
948,157308
948,17660
948,44172
948,26286
948,4769
948,8975
948,36745
948,91673
948,137356
948,71324
948,151858
948,122333
948,154649
948,2601
948,166345
948,136640
948,90732
948,36363
948,5441
948,105846
948,46833
948,54443
948,84638
948,150277
948,39639
948,69529
948,32784
948,146647
948,118782
948,1204
948,34249
948,109714
948,56500
948,75882
948,138265
948,51150
948,1228
948,89378
948,70398
948,122210
948,161819
948,165772
948,120380
948,46141
948,18345
948,19090
948,161248
948,135793
948,34913
948,120844
948,86785
948,72832
948,162074
948,59539
948,162316
948,132717
948,79156
948,150411
948,55150
948,79323
948,152372
948,114580
948,73411
948,153130
948,9389
948,123545
948,81478
948,139343
948,26321
948,56363
948,107443
948,27666
948,37922
948,30967
948,107472
948,75201
948,81980
3658,8010
3658,2575
3658,71819
3658,5883
3658,36124
278,48504
278,73908
278,46409
278,124104
278,166125
278,74293
278,60521
278,82643
278,95183
278,19649
278,34949
278,34620
278,114121
278,107610
278,50381
278,77285
278,159580
278,125791
278,66590
278,9778
278,106118
278,109075
278,89124
278,155346
278,50567
278,3992
278,1208
278,72513
278,73004
278,167934
278,113769
278,145726
278,18122
278,26814
278,97023
278,112007
278,34318
278,141990
278,11147
278,122101
278,70461
278,15408
278,160100
3827,156033
3827,119616
1453,86204
1453,27843
1453,63146
1453,115718
4031,35976
3274,117143
3274,125310
3274,129265
3274,93664
3274,35360
3274,70401
3274,166013
3274,128427
3274,572
3274,57608
3274,18789
3274,127328
3274,19635
3274,75006
3274,81068
3274,112496
3274,108965
3274,67986
3274,88595
3274,62541
3274,51705
3274,9386
3274,40601
3274,32626
3274,95771
3274,129329
3274,70789
3274,124760
3274,140540
3274,21575
3274,142271
3274,149003
3274,117858
3274,29000
3274,119771
3274,4295
3274,127755
2208,100868
2208,66526
2208,130419
2208,55707
2208,130004
2208,59757
2208,68885
2208,94898
2208,60747
2208,33182
2208,88160
2208,122084
2208,163315
2208,5705
2208,19155
2208,128662
938,33858
3150,46492
3150,126856
3150,143889
3150,141114
3150,125905
3150,14906
3150,29235
4109,1618
4109,158907
4109,84864
4109,154102
4109,143649
2185,142612
2185,38796
2185,50465
2185,75006
2185,83929
2185,40211
1936,161086
3629,37425
1466,98587
1466,51848
1466,142406
1466,87498
2645,30113
2645,50306
2645,31097
2645,65193
2645,113811
2645,160700
2645,14492
2645,103298
2645,12736
2645,84177
2645,135082
2645,102398
2645,43733
2645,62008
2645,59698
2645,147684
2645,36252
2645,109036
2645,33824
2826,34277
1020,65643
1020,101851
1020,40248
1020,59766
3059,165261
3059,24191
3059,58356
3059,65357
3059,18800
3059,72654
3059,16293
3059,145442
3059,102205
3059,24842
3059,77399
3059,163460
3059,130958
3116,149528
2029,140255
2029,109849
2842,59020
2842,140174
2842,15296
2842,89608
2842,95947
2842,142091
2842,100668
2842,46441
2842,105316
2842,92112
1151,89220
1151,21466
1151,128744
1151,23441
1151,131557
1151,137230
4042,34010
4042,7332
4042,104168
4042,41451
4042,77481
4042,99513
4042,77125
0,146421
0,38806
0,59443
0,151601
0,10464
0,135216
0,96866
0,126592
0,53471
2840,3883
2840,1749
2840,69077
2840,42555
2840,31878
2840,152050
2840,110692
230,9764
230,75440
230,133717
230,30500
230,147684
230,7956
230,73634
230,118548
230,51132
230,62008
230,102624
230,39026
230,30462
230,87586
230,136980
230,120588
230,59698
230,33451
1314,166048
95,42409
95,14233
95,29289
95,115971
95,107800
95,70592
95,86832
95,104322
95,92515
95,106533
95,135140
95,74193
95,103447
1499,62938
1499,102192
1499,21569
1170,117358
174,145132
174,139381
174,33616
3748,29580
4,52800
4,74106
4,109486
4,18177
4,16392
3363,1561
3363,154139
3363,35615
527,37132
2529,38857
299,15880
3754,87853
2739,149658
1392,103245
3303,160627
3303,137418
3303,132084
841,512
841,52325
841,23566
1438,139095
1438,167323
1438,128598
1438,157109
1438,72153
995,143714
995,66078
995,62928
995,163638
3360,127824
2049,27097
4036,7835
3601,108539
3601,109770
360,54623
1669,37715
1669,107905
1669,18040
1462,55919
1462,142578
2584,8059
2584,117523
2636,78700
1468,93841
608,137902
3631,155080
2142,106430
